Date,APD,25P,75P,MPD,Adherence3,Adherence6,Adherence12,Location
4/15/2020,1.398957498,0,2,10,0.974365143,0.925548936,0.842812273,2 Ave @ 23St
5/13/2020,1.462660646,0,2,11,0.979628393,0.937488641,0.836720903,2 Ave @ 23St
5/27/2020,1.579166667,0,3,12,0.980402863,0.930952005,0.830410053,2 Ave @ 23St
6/18/2020,1.445950643,0,2,13,0.982102359,0.941020251,0.852581482,2 Ave @ 23St
6/24/2020,1.230208333,0,2,10,0.989596561,0.947225805,0.867992725,2 Ave @ 23St
8/13/2020,1.32209868,0,2,11,0.986073356,0.950348441,0.889748322,2 Ave @ 23St
8/27/2020,1.239930556,0,2,10,0.983876488,0.949888117,0.885095899,2 Ave @ 23St
9/10/2020,1.069109948,0,2,10,0.98590238,0.956871936,0.908229591,2 Ave @ 23St
9/24/2020,2.080902778,0,3,13,0.980105325,0.926210996,0.838535706,2 Ave @ 23St
11/5/2020,4.779166667,3,6,14,0.943220899,0.800755714,0.558816635,2 Ave @ 23St
11/19/2020,1.508333333,0,2,9,0.949983466,0.889219577,0.787222222,2 Ave @ 23St
12/3/2020,1.722916667,0,3,8,0.969131944,0.920813492,0.817797619,2 Ave @ 23St
1/7/2021,2.985416667,1,4,12,0.950826569,0.848665825,0.686392496,2 Ave @ 23St
1/21/2021,3.066666667,1,4,12,0.952723365,0.842265512,0.692170064,2 Ave @ 23St
2/4/2021,1.716666667,0,2,12,0.99088925,0.934138859,0.843710317,2 Ave @ 23St
2/18/2021,0.870833333,0,1,6,0.987430556,0.963263889,0.917708333,2 Ave @ 23St
4/2/2020,2.75625,1,4,11,0.978929022,0.943862885,0.842323984,2 Ave @ E 14 St
4/15/2020,1.648793566,0,2,6,0.944235925,0.897855228,0.831099196,2 Ave @ E 14 St
5/13/2020,2.09832636,1,3,8,0.93285515,0.882162781,0.784887428,2 Ave @ E 14 St
5/27/2020,3.150627615,2,4,12,0.945958841,0.885275348,0.76457839,2 Ave @ E 14 St
6/18/2020,4.4360587,3,6,13,0.967612332,0.924048989,0.781553166,2 Ave @ E 14 St
6/24/2020,3.035416667,2,4,10,0.966059854,0.917620701,0.798382937,2 Ave @ E 14 St
7/16/2020,3.583333333,2,5,11,0.960128968,0.90691333,0.776124038,2 Ave @ E 14 St
7/30/2020,4.204166667,2,6,14,0.96924839,0.920087944,0.783298368,2 Ave @ E 14 St
8/13/2020,4.689583333,3,6,13,0.978682301,0.912722798,0.76015177,2 Ave @ E 14 St
8/27/2020,3.93125,3,5,14,0.976091524,0.926268708,0.777865075,2 Ave @ E 14 St
9/10/2020,4.6625,3,6,12,0.975993567,0.913481542,0.741755201,2 Ave @ E 14 St
9/24/2020,3.64375,2,5,14,0.973804332,0.912131272,0.787641282,2 Ave @ E 14 St
10/8/2020,2.04375,1,3,8,0.972197421,0.902142857,0.808774802,2 Ave @ E 14 St
10/22/2020,4.304166667,3,6,14,0.969643112,0.903738333,0.793952679,2 Ave @ E 14 St
11/5/2020,1.985416667,0,3,11,0.98432209,0.944337422,0.853018278,2 Ave @ E 14 St
11/19/2020,2.31875,0,3,16,0.983214858,0.94976642,0.824807872,2 Ave @ E 14 St
12/3/2020,1.522916667,0,2,10,0.959341931,0.927137897,0.863574735,2 Ave @ E 14 St
1/7/2021,0.8125,0,1,9,0.994178241,0.986856812,0.95015873,2 Ave @ E 14 St
1/21/2021,1.727083333,0,3,7,0.982797619,0.948571429,0.83827381,2 Ave @ E 14 St
2/4/2021,1.395833333,0,2,7,0.989384921,0.951488095,0.870287698,2 Ave @ E 14 St
2/18/2021,1.820833333,1,3,8,0.963055556,0.909434524,0.810947421,2 Ave @ E 14 St
4/2/2020,1.6125,0,2,8,0.981542659,0.942132937,0.870079365,3 Ave @ 42 St
4/15/2020,1.641975309,1,2,7,0.962798354,0.921152263,0.84760729,3 Ave @ 42 St
5/13/2020,1.897916667,1,3,8,0.981378968,0.934117063,0.846314484,3 Ave @ 42 St
5/27/2020,2.691666667,1,4,10,0.974631283,0.911111111,0.743650794,3 Ave @ 42 St
6/18/2020,3.570230608,2,5,13,0.968985033,0.90588282,0.791204312,3 Ave @ 42 St
6/24/2020,2.09375,1,3,9,0.973412698,0.916807209,0.83500496,3 Ave @ 42 St
7/16/2020,2.4375,1,4,10,0.968892196,0.907253638,0.801392196,3 Ave @ 42 St
7/30/2020,2.5125,1,4,11,0.968681006,0.893575637,0.792940867,3 Ave @ 42 St
8/13/2020,2.79375,1,4,11,0.979848034,0.928886183,0.817944925,3 Ave @ 42 St
8/27/2020,1.8125,0,3,8,0.974553571,0.919965278,0.829945437,3 Ave @ 42 St
9/10/2020,1.858333333,0,3,10,0.980856481,0.925669643,0.854520503,3 Ave @ 42 St
9/24/2020,1.783333333,0,3,9,0.976512897,0.917905093,0.827409061,3 Ave @ 42 St
10/8/2020,1.454166667,0,2,9,0.979753638,0.93723545,0.850467923,3 Ave @ 42 St
10/22/2020,4.241666667,3,6,12,0.963794643,0.836976762,0.610236442,3 Ave @ 42 St
11/5/2020,3.885416667,2,5,15,0.961575577,0.851931968,0.638978926,3 Ave @ 42 St
11/19/2020,2.825,1,4,12,0.952407708,0.853252014,0.680389761,3 Ave @ 42 St
12/3/2020,0.1625,0,0,2,0.997916667,0.991666667,0.991666667,3 Ave @ 42 St
1/7/2021,3.372916667,2,5,10,0.967984458,0.870722553,0.645496032,3 Ave @ 42 St
1/21/2021,2.925,1,5,11,0.979750481,0.905420575,0.797683832,3 Ave @ 42 St
2/4/2021,3.739583333,2,6,12,0.973291246,0.891725138,0.748419763,3 Ave @ 42 St
2/18/2021,2.1,1,3,11,0.974650072,0.901264881,0.761116222,3 Ave @ 42 St
4/15/2020,1.913043478,1,3,7,0.96924921,0.925411354,0.853394355,3 Ave @ 156 St
5/13/2020,1.508333333,1,2,6,0.977222222,0.931805556,0.877222222,3 Ave @ 156 St
5/27/2020,2.304166667,1,3,9,0.960332341,0.919193122,0.817217262,3 Ave @ 156 St
6/18/2020,3.454926625,2,5,13,0.951079831,0.886285808,0.787395449,3 Ave @ 156 St
6/24/2020,2.075,1,3,8,0.962073413,0.8934375,0.798963294,3 Ave @ 156 St
7/16/2020,2.310416667,1,3,9,0.960600198,0.910863095,0.824823082,3 Ave @ 156 St
7/30/2020,2.85,1,4,10,0.950871362,0.896805556,0.808053902,3 Ave @ 156 St
8/13/2020,3.279166667,2,4,11,0.948285985,0.881841781,0.783702201,3 Ave @ 156 St
8/27/2020,2.041666667,1,3,7,0.960922619,0.908303571,0.837073413,3 Ave @ 156 St
9/10/2020,2.90625,1,4,13,0.968787012,0.903441316,0.807526582,3 Ave @ 156 St
9/24/2020,3.477083333,2,5,10,0.957161045,0.886507937,0.767805886,3 Ave @ 156 St
10/8/2020,0.926778243,0,2,5,0.955857741,0.831171548,0.805857741,3 Ave @ 156 St
10/22/2020,2.11875,1,3,6,0.984583333,0.699444444,0.639652778,3 Ave @ 156 St
11/5/2020,0.816666667,0,1,5,0.965625,0.9225,0.900972222,3 Ave @ 156 St
11/19/2020,0.354166667,0,1,6,0.990833333,0.974444444,0.962916667,3 Ave @ 156 St
12/3/2020,2.639583333,1,4,10,0.957757937,0.870787037,0.749912368,3 Ave @ 156 St
1/7/2021,1.041666667,0,2,8,0.982614087,0.939543651,0.897777778,3 Ave @ 156 St
1/21/2021,1.15,0,2,7,0.976676587,0.938382937,0.881230159,3 Ave @ 156 St
2/4/2021,0.247916667,0,0,3,0.991666667,0.989583333,0.984722222,3 Ave @ 156 St
2/18/2021,0.58125,0,1,4,0.98125,0.960763889,0.937847222,3 Ave @ 156 St
4/2/2020,0.504166667,0,1,4,0.979861111,0.970138889,0.954513889,5 Ave @ 42 St
4/15/2020,0.422857143,0,1,4,0.986666667,0.977619048,0.962380952,5 Ave @ 42 St
5/13/2020,0.7,0,1,5,0.960138889,0.938333333,0.903888889,5 Ave @ 42 St
5/27/2020,3.764583333,2,5,13,0.932916805,0.864641724,0.731968471,5 Ave @ 42 St
6/18/2020,6.67223382,4,9,17,0.96801115,0.879104249,0.710432312,5 Ave @ 42 St
6/24/2020,7.29375,5,10,19,0.974760042,0.89064341,0.692841338,5 Ave @ 42 St
7/16/2020,8.96875,7,11,20,0.975146271,0.893508928,0.699888099,5 Ave @ 42 St
7/30/2020,9.48125,7,12,19,0.971599789,0.909030805,0.746548388,5 Ave @ 42 St
8/13/2020,8.881496881,7,11,20,0.976164982,0.912983486,0.777391234,5 Ave @ 42 St
8/27/2020,3.024948025,1,4,11,0.955332955,0.893103293,0.75021375,5 Ave @ 42 St
9/10/2020,3.869022869,2,5,14,0.967662679,0.89761404,0.762919444,5 Ave @ 42 St
9/24/2020,9.667359667,7,12,20,0.973348143,0.898622688,0.744410443,5 Ave @ 42 St
10/8/2020,5.494780793,2,8,20,0.974932612,0.899028331,0.769391917,5 Ave @ 42 St
10/22/2020,4.197916667,2,6,12,0.967447842,0.926401215,0.816547168,5 Ave @ 42 St
11/5/2020,2.110416667,1,3,12,0.960912247,0.870336099,0.749844877,5 Ave @ 42 St
11/19/2020,9.4125,6,13,20,0.970666033,0.892510712,0.762446853,5 Ave @ 42 St
12/3/2020,2.50625,1,3,14,0.944841189,0.879830424,0.819645528,5 Ave @ 42 St
1/7/2021,1.258333333,0,2,6,0.932638889,0.829444444,0.768263889,5 Ave @ 42 St
1/21/2021,9.964583333,7,13,20,0.972150533,0.903316544,0.763143886,5 Ave @ 42 St
2/4/2021,7.145833333,5,9,17,0.964756923,0.888937394,0.732843228,5 Ave @ 42 St
2/18/2021,6.070833333,4,8,17,0.9645834,0.884365421,0.741797015,5 Ave @ 42 St
5/13/2020,1.23125,0,2,6,0.936180556,0.895625,0.842013889,5 Ave @ 86 St
5/27/2020,1.454166667,0,2,8,0.933184524,0.898561508,0.826894841,5 Ave @ 86 St
6/18/2020,1.77148847,1,3,10,0.924624804,0.872749659,0.776516588,5 Ave @ 86 St
6/24/2020,0.90625,0,1,6,0.954097222,0.925555556,0.89,5 Ave @ 86 St
7/16/2020,1.041666667,0,2,5,0.968402778,0.934791667,0.871319444,5 Ave @ 86 St
7/30/2020,1.035416667,0,2,6,0.948611111,0.921458333,0.871111111,5 Ave @ 86 St
8/13/2020,1.129166667,0,2,6,0.960208333,0.913472222,0.844097222,5 Ave @ 86 St
8/27/2020,1.166666667,0,2,6,0.945833333,0.907083333,0.837291667,5 Ave @ 86 St
9/10/2020,1.620833333,0,2,8,0.925843254,0.859806548,0.77265377,5 Ave @ 86 St
9/24/2020,2.925,1,4,9,0.920090939,0.837141204,0.703050595,5 Ave @ 86 St
10/8/2020,2.142857143,1,3,10,0.929855275,0.85776644,0.749011271,5 Ave @ 86 St
10/22/2020,3.141666667,2,4,9,0.917718254,0.828151455,0.692002315,5 Ave @ 86 St
11/5/2020,3.047916667,1,4,13,0.932408043,0.839762414,0.688996998,5 Ave @ 86 St
11/19/2020,0.96875,0,2,7,0.949355159,0.891011905,0.828968254,5 Ave @ 86 St
12/3/2020,0.68125,0,1,5,0.960763889,0.938819444,0.895972222,5 Ave @ 86 St
1/7/2021,1.629166667,0,2,10,0.897142857,0.812104828,0.712830688,5 Ave @ 86 St
1/21/2021,1.810416667,1,3,8,0.904250992,0.823020833,0.69374504,5 Ave @ 86 St
2/4/2021,1.3,0,2,6,0.938958333,0.870277778,0.766736111,5 Ave @ 86 St
2/18/2021,1.058333333,0,2,7,0.944563492,0.904196429,0.847787698,5 Ave @ 86 St
5/13/2020,1.245833333,0,2,7,0.96781746,0.930982143,0.861140873,5 Ave @ 96 St
5/27/2020,1.785416667,1,3,7,0.978164683,0.936289683,0.845634921,5 Ave @ 96 St
6/18/2020,1.635220126,0,3,9,0.957756813,0.900978337,0.811809923,5 Ave @ 96 St
6/24/2020,2.271676301,1,3,8,0.991563446,0.965083953,0.74828654,5 Ave @ 96 St
7/16/2020,0.314583333,0,0,3,0.988194444,0.976388889,0.966666667,5 Ave @ 96 St
7/30/2020,0.60625,0,1,5,0.969097222,0.952152778,0.921736111,5 Ave @ 96 St
8/13/2020,0.7375,0,1,5,0.972361111,0.938958333,0.898819444,5 Ave @ 96 St
8/27/2020,0.572916667,0,1,5,0.983819444,0.966041667,0.942222222,5 Ave @ 96 St
9/24/2020,1.565934066,0,2,7,0.974555207,0.931384092,0.869924123,5 Ave @ 96 St
10/8/2020,0.627083333,0,1,6,0.975347222,0.948055556,0.917916667,5 Ave @ 96 St
10/22/2020,3.152083333,2,4,11,0.976838925,0.901666667,0.710827922,5 Ave @ 96 St
11/5/2020,0.925,0,1,8,0.979201389,0.950277778,0.903799603,5 Ave @ 96 St
11/19/2020,0.608333333,0,1,5,0.987361111,0.965625,0.932638889,5 Ave @ 96 St
12/3/2020,0.61875,0,1,7,0.985833333,0.966359127,0.944384921,5 Ave @ 96 St
1/7/2021,0.235416667,0,0,7,0.996855159,0.984742063,0.974920635,5 Ave @ 96 St
1/21/2021,0.541666667,0,1,5,0.978125,0.949583333,0.926180556,5 Ave @ 96 St
2/4/2021,0.458333333,0,1,4,0.988888889,0.98125,0.95625,5 Ave @ 96 St
2/18/2021,0.860416667,0,1,6,0.968055556,0.944444444,0.913541667,5 Ave @ 96 St
4/2/2020,2.172916667,1,3,8,0.965997024,0.917837302,0.826374008,6 Ave @ 42 St
4/15/2020,2.525498891,1,4,10,0.939527681,0.86395136,0.752576286,6 Ave @ 42 St
5/13/2020,2.955974843,1,4,11,0.959550733,0.87671156,0.756523002,6 Ave @ 42 St
5/27/2020,3.13125,2,5,9,0.94212963,0.865056217,0.709079034,6 Ave @ 42 St
6/18/2020,4.477987421,3,6,12,0.966830177,0.887858368,0.704698225,6 Ave @ 42 St
6/24/2020,4.58125,3,6,12,0.974116312,0.904042358,0.744656385,6 Ave @ 42 St
7/16/2020,5.379166667,3,8,15,0.96717329,0.886699111,0.715339938,6 Ave @ 42 St
7/30/2020,5.579166667,4,7,13,0.958530463,0.877942717,0.701303858,6 Ave @ 42 St
8/13/2020,1.50625,0,2,7,0.989732143,0.950972222,0.896388889,6 Ave @ 42 St
8/27/2020,1.447916667,0,2,6,0.982569444,0.910902778,0.830555556,6 Ave @ 42 St
9/10/2020,1.204166667,0,2,6,0.990347222,0.975486111,0.908819444,6 Ave @ 42 St
9/24/2020,3.610416667,2,5,10,0.967655423,0.904260913,0.792688492,6 Ave @ 42 St
10/8/2020,4.808333333,1,8,17,0.982423902,0.939100871,0.813725498,6 Ave @ 42 St
10/22/2020,8.191666667,6,10,17,0.978509811,0.911943228,0.730415402,6 Ave @ 42 St
11/5/2020,6.522916667,4,9,17,0.979517982,0.919500347,0.776224031,6 Ave @ 42 St
11/19/2020,6.029166667,4,8,18,0.963209061,0.846990185,0.644342724,6 Ave @ 42 St
12/3/2020,4.91875,1,8,20,0.977636119,0.924845179,0.79545988,6 Ave @ 42 St
1/7/2021,7.041666667,5,9,18,0.970251756,0.894409733,0.65846477,6 Ave @ 42 St
1/21/2021,7.552083333,5,10,18,0.974711183,0.898091462,0.646154724,6 Ave @ 42 St
2/4/2021,1.433333333,0,2,7,0.975912698,0.941984127,0.880287698,6 Ave @ 42 St
2/18/2021,1.3125,0,2,7,0.984801587,0.954355159,0.893303571,6 Ave @ 42 St
4/15/2020,1.913043478,1,3,7,0.96924921,0.925411354,0.853394355,6 Ave @ 34 St
5/13/2020,1.341737862,0,2,9,0.979601405,0.949845371,0.906260894,6 Ave @ 34 St
5/27/2020,2.064375,0,3,12,0.967443437,0.926749925,0.825160684,6 Ave @ 34 St
6/18/2020,2.196875669,0,4,13,0.970216878,0.928325422,0.835977805,6 Ave @ 34 St
6/24/2020,1.361574074,0,2,9,0.980378821,0.940665969,0.882372685,6 Ave @ 34 St
7/16/2020,1.647222222,0,3,9,0.973607804,0.938736772,0.890284943,6 Ave @ 34 St
7/30/2020,1.932638889,0.75,3,11,0.971327311,0.937251734,0.882273629,6 Ave @ 34 St
8/13/2020,1.714682723,0,3,12,0.974003885,0.940093184,0.882229043,6 Ave @ 34 St
8/27/2020,1.747453704,0,3,16,0.976609719,0.947407602,0.89357293,6 Ave @ 34 St
9/10/2020,2.411061286,0,4,16,0.975164641,0.913231375,0.800225015,6 Ave @ 34 St
9/24/2020,2.961041667,1,4,20,0.971350808,0.925724005,0.844639097,6 Ave @ 34 St
10/8/2020,0.898800209,0,1,8,0.977103361,0.931497628,0.8939377,6 Ave @ 34 St
10/22/2020,2.1609375,1,3,13,0.961322433,0.843445993,0.743917078,6 Ave @ 34 St
11/5/2020,2.720416667,0,3,20,0.978170711,0.938609759,0.878114208,6 Ave @ 34 St
11/19/2020,2.66,0,3,20,0.976993826,0.93564351,0.866169338,6 Ave @ 34 St
12/3/2020,2.86125,0,4,20,0.9628286,0.894786754,0.802443052,6 Ave @ 34 St
1/7/2021,1.18875,0,2,10,0.980830357,0.948133598,0.898465608,6 Ave @ 34 St
1/21/2021,1.835,0,3,11,0.971621813,0.919477633,0.839666546,6 Ave @ 34 St
2/4/2021,0.545833333,0,1,6,0.986402778,0.972236111,0.939847222,6 Ave @ 34 St
2/18/2021,0.595,0,1,6,0.98475,0.965041667,0.939041667,6 Ave @ 34 St
5/13/2020,2.358333333,1,3,10,0.964045966,0.86765377,0.69594246,7 Ave @ 145 St
5/27/2020,1.983333333,1,3,9,0.971574074,0.900454696,0.710489418,7 Ave @ 145 St
6/18/2020,3.750524109,2,5,10,0.968936142,0.871360354,0.735098666,7 Ave @ 145 St
6/24/2020,1.88125,1,3,7,0.963373016,0.89202381,0.773065476,7 Ave @ 145 St
7/16/2020,2.002083333,1,3,9,0.959565146,0.876602183,0.757060185,7 Ave @ 145 St
7/30/2020,2.339583333,1,3,8,0.965446429,0.876860119,0.722767857,7 Ave @ 145 St
8/13/2020,1.9125,1,3,8,0.97484623,0.906488095,0.743784722,7 Ave @ 145 St
8/27/2020,1.816666667,1,3,9,0.974017857,0.915671296,0.802223876,7 Ave @ 145 St
9/10/2020,2.21875,1,3,8,0.969122024,0.867440476,0.684255952,7 Ave @ 145 St
9/24/2020,2.029166667,1,3,8,0.972728175,0.911195437,0.81781746,7 Ave @ 145 St
10/8/2020,1.478079332,0,2,12,0.978471563,0.917316921,0.811790436,7 Ave @ 145 St
10/22/2020,2.535416667,1,4,8,0.948422619,0.877986111,0.709360119,7 Ave @ 145 St
11/5/2020,1.754166667,0,3,8,0.984583333,0.920694444,0.703789683,7 Ave @ 145 St
11/19/2020,1.260416667,0,2,6,0.970208333,0.873333333,0.727013889,7 Ave @ 145 St
12/3/2020,0.991666667,0,2,5,0.967361111,0.922847222,0.79375,7 Ave @ 145 St
1/7/2021,0.739583333,0,1,6,0.980277778,0.946388889,0.8975,7 Ave @ 145 St
1/21/2021,0.9875,0,2,5,0.976666667,0.920763889,0.834930556,7 Ave @ 145 St
2/4/2021,0.189583333,0,0,3,0.999305556,0.992361111,0.989583333,7 Ave @ 145 St
2/18/2021,0.035416667,0,0,1,1,1,1,7 Ave @ 145 St
4/2/2020,4.0875,2.75,5,12,0.960713083,0.886623828,0.730612374,8 Ave @ 57 St
4/15/2020,3.375314861,2,5,16,0.942009516,0.864745512,0.709982608,8 Ave @ 57 St
5/13/2020,3.022916667,2,4,11,0.955215248,0.872708634,0.666501022,8 Ave @ 57 St
5/27/2020,5.577083333,4,7,13,0.957889437,0.870346471,0.671508029,8 Ave @ 57 St
6/18/2020,3.884696017,2,5,11,0.961920039,0.898985513,0.764493392,8 Ave @ 57 St
6/24/2020,6.841666667,4,9,19,0.962800564,0.86704398,0.669980645,8 Ave @ 57 St
7/16/2020,4.195833333,2,6,15,0.962176828,0.859687639,0.715643014,8 Ave @ 57 St
7/30/2020,4.43125,3,6,12,0.95790389,0.865718795,0.723084265,8 Ave @ 57 St
8/13/2020,6.616666667,5,8,19,0.958770952,0.871486153,0.724355076,8 Ave @ 57 St
8/27/2020,4.866666667,3,6.25,15,0.949082873,0.850560412,0.694265041,8 Ave @ 57 St
9/10/2020,5.95625,4,8,17,0.9612463,0.860098349,0.707080401,8 Ave @ 57 St
9/24/2020,9.48125,7,12,20,0.962380038,0.88194309,0.741658522,8 Ave @ 57 St
10/8/2020,1.99375,0,3,12,0.970439514,0.923737524,0.821041065,8 Ave @ 57 St
10/22/2020,8.904166667,7,11,20,0.967641879,0.868653626,0.648856436,8 Ave @ 57 St
11/5/2020,4.464583333,3,6,13,0.928306878,0.793745202,0.5950054,8 Ave @ 57 St
11/19/2020,4.358333333,3,6,12,0.934494348,0.789417989,0.603615921,8 Ave @ 57 St
12/3/2020,1.572916667,0,2,8,0.955610119,0.894429563,0.7884375,8 Ave @ 57 St
1/7/2021,2.066666667,1,3,9,0.964161706,0.926478175,0.842910053,8 Ave @ 57 St
1/21/2021,1.685416667,1,3,9,0.968859127,0.92916336,0.834875992,8 Ave @ 57 St
2/4/2021,0.658333333,0,1,6,0.979583333,0.965763889,0.931041667,8 Ave @ 57 St
2/18/2021,0.827083333,0,1,8,0.986383929,0.975114087,0.945372024,8 Ave @ 57 St
4/2/2020,2.983333333,2,4,9,0.975710979,0.929303902,0.826051587,8 Ave @ 23 St
4/15/2020,2.066312997,1,3,7,0.961740558,0.914980422,0.791815081,8 Ave @ 23 St
5/13/2020,1.842436975,1,3,8,0.952681072,0.883963585,0.762339936,8 Ave @ 23 St
5/27/2020,2.857142857,1,4,12,0.928351037,0.856497144,0.728296773,8 Ave @ 23 St
6/18/2020,1.976939203,1,3,10,0.975929254,0.939790689,0.859540448,8 Ave @ 23 St
6/24/2020,1.9125,1,3,10,0.943262235,0.903893849,0.807587632,8 Ave @ 23 St
7/16/2020,2.679166667,1,4,11,0.978839286,0.915894811,0.778840789,8 Ave @ 23 St
7/30/2020,2.675,1,4,14,0.974888075,0.926003117,0.816831883,8 Ave @ 23 St
8/13/2020,1.93125,1,3,8,0.967217262,0.926622024,0.832906746,8 Ave @ 23 St
8/27/2020,2.929166667,1,4,10,0.969718915,0.888940146,0.762304894,8 Ave @ 23 St
9/10/2020,4.697916667,3,6,12,0.962615741,0.877131734,0.703773449,8 Ave @ 23 St
9/24/2020,5.370833333,4,7,11,0.969816017,0.89297123,0.732526756,8 Ave @ 23 St
10/8/2020,4.164926931,2,6,12,0.960474865,0.871131988,0.718301114,8 Ave @ 23 St
10/22/2020,3.547916667,2,5,14,0.982154339,0.910400074,0.783021146,8 Ave @ 23 St
11/5/2020,2.852083333,1,4,14,0.982387081,0.922982885,0.799230284,8 Ave @ 23 St
11/19/2020,2.610416667,1,4,12,0.979973846,0.912790103,0.793637566,8 Ave @ 23 St
12/3/2020,2.00625,0,3,12,0.974295635,0.912742905,0.813022336,8 Ave @ 23 St
1/7/2021,2.779166667,1,4,10,0.973716931,0.892126323,0.77801422,8 Ave @ 23 St
1/21/2021,2.24375,1,3,10,0.973523479,0.913359788,0.82952877,8 Ave @ 23 St
2/4/2021,1.7625,0,3,12,0.963658911,0.907824675,0.816205808,8 Ave @ 23 St
2/18/2021,0.764583333,0,1,7,0.992470238,0.976984127,0.944871032,8 Ave @ 23 St
4/2/2020,4.272916667,3,6,12,0.97950487,0.947955447,0.838714977,9 Ave @ 42 St
4/15/2020,1.954787234,1,3,8,0.973347264,0.910505319,0.803596758,9 Ave @ 42 St
5/13/2020,2.138655462,1,3,10,0.950962051,0.862019808,0.737303255,9 Ave @ 42 St
5/27/2020,3.065979381,2,4,11,0.949313459,0.873035956,0.724971512,9 Ave @ 42 St
6/18/2020,0.480083857,0,1,5,0.98490566,0.970649895,0.938993711,9 Ave @ 42 St
6/24/2020,0.441666667,0,1,4,0.987847222,0.965972222,0.944444444,9 Ave @ 42 St
7/16/2020,0.458333333,0,1,4,0.979513889,0.96875,0.942013889,9 Ave @ 42 St
7/30/2020,0.720833333,0,1,6,0.958263889,0.913611111,0.881666667,9 Ave @ 42 St
8/13/2020,4.085416667,2,5,11,0.973859728,0.889511334,0.70301452,9 Ave @ 42 St
8/27/2020,3.689583333,2,5,10,0.982356151,0.887280093,0.694666005,9 Ave @ 42 St
9/10/2020,5.122916667,3,7,13,0.957867156,0.875348656,0.674514444,9 Ave @ 42 St
9/24/2020,4.179166667,3,6,11,0.971698082,0.862297679,0.617152477,9 Ave @ 42 St
10/8/2020,1.476987448,0,2,11,0.971125481,0.886176167,0.773679714,9 Ave @ 42 St
10/22/2020,1.027083333,0,1,9,0.988325066,0.978086971,0.951772487,9 Ave @ 42 St
11/5/2020,1.183333333,0,2,8,0.975322421,0.910322421,0.855793651,9 Ave @ 42 St
11/19/2020,1.575,0,2,9,0.954833003,0.875325728,0.758027447,9 Ave @ 42 St
12/3/2020,0.9,0,1,5,0.964027778,0.919791667,0.858125,9 Ave @ 42 St
1/7/2021,1.452083333,0,2,6,0.967569444,0.897708333,0.781319444,9 Ave @ 42 St
1/21/2021,1.316666667,0,2,7,0.984761905,0.953938492,0.885347222,9 Ave @ 42 St
2/4/2021,0.183333333,0,0,3,0.998611111,0.992361111,0.990277778,9 Ave @ 42 St
2/18/2021,0.708333333,0,1,6,0.993402778,0.991180556,0.971597222,9 Ave @ 42 St
5/13/2020,2.510416667,1,4,8,0.970714286,0.929990079,0.866612103,Boston Rd. @ E 169 St
5/27/2020,2.497916667,1,3,9,0.965661376,0.937893519,0.847830688,Boston Rd. @ E 169 St
6/18/2020,2.284931507,1,3,9,0.979067189,0.937666884,0.879712981,Boston Rd. @ E 169 St
6/24/2020,1.966666667,1,3,9,0.977050265,0.93801918,0.88577381,Boston Rd. @ E 169 St
7/16/2020,1.997916667,1,3,8,0.979667659,0.941835317,0.897132937,Boston Rd. @ E 169 St
7/30/2020,2.054166667,1,3,11,0.983943903,0.949076629,0.909689604,Boston Rd. @ E 169 St
8/13/2020,2.804166667,1,4,12,0.960061177,0.893972914,0.811756554,Boston Rd. @ E 169 St
8/27/2020,2.960416667,1,4,16,0.964828042,0.921091195,0.822385011,Boston Rd. @ E 169 St
9/24/2020,3.5375,2,5,13,0.960819597,0.889045492,0.769893266,Boston Rd. @ E 169 St
10/8/2020,1.472916667,0,2,8,0.976473214,0.946279762,0.877247024,Boston Rd. @ E 169 St
10/22/2020,3.702083333,2,5,13,0.960397207,0.884513137,0.730569107,Boston Rd. @ E 169 St
11/5/2020,1.329166667,0,2,8,0.982078373,0.955143849,0.88577877,Boston Rd. @ E 169 St
11/19/2020,1.152083333,0,2,8,0.978402778,0.927802579,0.85625,Boston Rd. @ E 169 St
12/3/2020,1.289583333,0,2,10,0.980500992,0.939328704,0.889105489,Boston Rd. @ E 169 St
1/7/2021,1.158333333,0,2,8,0.989657738,0.95609623,0.895277778,Boston Rd. @ E 169 St
1/21/2021,2.964583333,1,4,11,0.95909617,0.856305165,0.723546026,Boston Rd. @ E 169 St
2/4/2021,0.410416667,0,1,4,0.990277778,0.977083333,0.931944444,Boston Rd. @ E 169 St
2/18/2021,0.879166667,0,1,6,0.974027778,0.92375,0.863888889,Boston Rd. @ E 169 St
4/2/2020,2.14375,1,3,9,0.977342923,0.955543981,0.891595569,Boerum Pl @ Fulton St & Joralemon St
4/15/2020,2.007009346,1,3,8,0.976301736,0.95318202,0.890448376,Boerum Pl @ Fulton St & Joralemon St
5/13/2020,1.225,0,2,9,0.981296296,0.939958664,0.87427414,Boerum Pl @ Fulton St & Joralemon St
5/27/2020,1.533333333,0,2,11,0.984274591,0.930556157,0.853241041,Boerum Pl @ Fulton St & Joralemon St
6/18/2020,1.880503145,1,3,10,0.980474859,0.927664637,0.8499218,Boerum Pl @ Fulton St & Joralemon St
6/24/2020,1.96875,1,3,9,0.972872024,0.902303241,0.802402447,Boerum Pl @ Fulton St & Joralemon St
7/16/2020,2.447916667,1,3,12,0.965959295,0.885358646,0.775438161,Boerum Pl @ Fulton St & Joralemon St
7/30/2020,2.429166667,1,4,12,0.980755321,0.913653349,0.811012656,Boerum Pl @ Fulton St & Joralemon St
8/13/2020,2.160416667,1,3,9,0.980917659,0.917901786,0.82276455,Boerum Pl @ Fulton St & Joralemon St
8/27/2020,2.135416667,1,3,10,0.96953373,0.885838294,0.776025132,Boerum Pl @ Fulton St & Joralemon St
9/10/2020,1.958333333,1,3,10,0.972116402,0.909781746,0.812326389,Boerum Pl @ Fulton St & Joralemon St
9/24/2020,3.43125,2,5,12,0.974315627,0.877474898,0.744771675,Boerum Pl @ Fulton St & Joralemon St
10/8/2020,2.336820084,1,3,9,0.981575015,0.921317327,0.809698147,Boerum Pl @ Fulton St & Joralemon St
10/22/2020,3.991666667,2,6,13,0.975435305,0.873943429,0.737189489,Boerum Pl @ Fulton St & Joralemon St
11/5/2020,2.835416667,1,4,12,0.971616913,0.888318603,0.755866853,Boerum Pl @ Fulton St & Joralemon St
11/19/2020,1.975,0,3,10,0.981183862,0.913126653,0.795077712,Boerum Pl @ Fulton St & Joralemon St
12/3/2020,1.645833333,0,3,11,0.981200397,0.931520563,0.827157137,Boerum Pl @ Fulton St & Joralemon St
1/7/2021,1.764583333,0,3,9,0.984259259,0.921271495,0.828068783,Boerum Pl @ Fulton St & Joralemon St
1/21/2021,2.566666667,1,4,11,0.977515482,0.9051443,0.78175009,Boerum Pl @ Fulton St & Joralemon St
2/4/2021,0.683333333,0,1,7,0.994791667,0.96031746,0.920505952,Boerum Pl @ Fulton St & Joralemon St
2/18/2021,1.066666667,0,2,8,0.990912698,0.959960317,0.915084325,Boerum Pl @ Fulton St & Joralemon St
5/13/2020,0.844444444,0,1,10,0.9835458,0.970217152,0.939677579,E 8 St @ Lafayette St
5/27/2020,1.111111111,0,2,9,0.984702932,0.96761519,0.930576224,E 8 St @ Lafayette St
6/18/2020,1.759124088,0,3,13,0.98081088,0.953085579,0.896960057,E 8 St @ Lafayette St
6/24/2020,1.536458333,0,3,10,0.979179894,0.955547564,0.907438823,E 8 St @ Lafayette St
8/13/2020,1.484711605,0,2,13,0.97945714,0.954935733,0.913721957,E 8 St @ Lafayette St
8/27/2020,1.479166667,0,2,13,0.985960205,0.958064848,0.913271108,E 8 St @ Lafayette St
9/10/2020,1.616969274,0,3,15,0.9877,0.967568517,0.909934566,E 8 St @ Lafayette St
9/24/2020,2.527777778,0,4,19,0.976520791,0.942354136,0.874116108,E 8 St @ Lafayette St
11/5/2020,4.725,3,6,19,0.974084118,0.914030984,0.787724175,E 8 St @ Lafayette St
4/2/2020,0.926196269,0,1,9,0.982621429,0.965884602,0.944616306,Lexington Ave @ 42 St
4/15/2020,0.802006947,0,1,7,0.988026318,0.973218651,0.945470585,Lexington Ave @ 42 St
5/13/2020,0.871180556,0,1,9,0.9850722,0.966815201,0.93612241,Lexington Ave @ 42 St
5/27/2020,0.894791667,0,1,9,0.983980655,0.963205192,0.930813216,Lexington Ave @ 42 St
6/18/2020,2.639777469,0,4,16,0.977470171,0.938638156,0.846600609,Lexington Ave @ 42 St
6/24/2020,2.523263889,0,4,16,0.985015663,0.940949126,0.852919161,Lexington Ave @ 42 St
8/13/2020,1.856845031,0,3,15,0.985010258,0.929146122,0.835774678,Lexington Ave @ 42 St
8/27/2020,1.681944444,0,3,10,0.981237048,0.929151786,0.836581239,Lexington Ave @ 42 St
9/10/2020,1.609773124,0,3,11,0.986763093,0.939104861,0.850093682,Lexington Ave @ 42 St
9/24/2020,2.361805556,0,4,13,0.982935063,0.92544021,0.82340844,Lexington Ave @ 42 St
11/5/2020,1.5625,0,2,7,0.982261905,0.92328373,0.831537698,Lexington Ave @ 42 St
11/19/2020,0.641666667,0,1,7,0.990525794,0.976488095,0.929583333,Lexington Ave @ 42 St
12/3/2020,0.360416667,0,1,4,0.994097222,0.992013889,0.988541667,Lexington Ave @ 42 St
1/7/2021,1.745833333,1,3,7,0.973511905,0.928630952,0.849464286,Lexington Ave @ 42 St
1/21/2021,1.877083333,1,3,9,0.983814484,0.931402116,0.832943122,Lexington Ave @ 42 St
2/4/2021,1.102083333,0,2,7,0.983373016,0.947956349,0.906478175,Lexington Ave @ 42 St
2/18/2021,1.372916667,0,2,8,0.985009921,0.951964286,0.865709325,Lexington Ave @ 42 St
5/13/2020,2.047916667,1,3,7,0.954335317,0.875952381,0.758363095,Flatbush Ave and Atlantic Ave
5/27/2020,2.325,1,3,9,0.969824735,0.891203704,0.763667328,Flatbush Ave and Atlantic Ave
6/18/2020,3.111111111,2,4,10,0.931795947,0.848233004,0.674819474,Flatbush Ave and Atlantic Ave
6/24/2020,2.61875,1,4,10,0.94547123,0.805302579,0.591159061,Flatbush Ave and Atlantic Ave
7/16/2020,3.38125,2,5,10,0.950803571,0.815944114,0.57968254,Flatbush Ave and Atlantic Ave
7/30/2020,3.129166667,2,4,11,0.947083784,0.841412939,0.657597703,Flatbush Ave and Atlantic Ave
8/13/2020,2.445833333,1,4,7,0.957748016,0.85530754,0.695267857,Flatbush Ave and Atlantic Ave
8/27/2020,2.283333333,1,3,8,0.952881944,0.850734127,0.668650794,Flatbush Ave and Atlantic Ave
9/24/2020,4.372916667,3,6,12,0.950401034,0.835898268,0.564939725,Flatbush Ave and Atlantic Ave
10/8/2020,3.311064718,2,4,10,0.944615104,0.819407164,0.564728104,Flatbush Ave and Atlantic Ave
10/22/2020,4.102083333,3,5,12,0.933064725,0.806704696,0.563499729,Flatbush Ave and Atlantic Ave
11/5/2020,2.889583333,1,4,11,0.95780769,0.868881373,0.661624128,Flatbush Ave and Atlantic Ave
11/19/2020,2.14375,0,4,9,0.969198082,0.912356151,0.794565146,Flatbush Ave and Atlantic Ave
12/3/2020,1.985416667,0,3,10,0.956278108,0.894917328,0.799971892,Flatbush Ave and Atlantic Ave
1/7/2021,0.904166667,0,1,7,0.976845238,0.950922619,0.924097222,Flatbush Ave and Atlantic Ave
1/21/2021,1.802083333,0,3,9,0.969079034,0.926473214,0.861473214,Flatbush Ave and Atlantic Ave
2/4/2021,1.904166667,1,3,7,0.957470238,0.883115079,0.745029762,Flatbush Ave and Atlantic Ave
2/18/2021,0.39375,0,1,6,0.990763889,0.971527778,0.947916667,Flatbush Ave and Atlantic Ave
5/13/2020,1,1,1,1,1,1,1,Grand St @ Graham Ave
5/27/2020,1.652083333,1,2,8,0.958953373,0.897827381,0.768645833,Grand St @ Graham Ave
6/18/2020,1.262054507,0,2,7,0.968074274,0.93408206,0.864490366,Grand St @ Graham Ave
6/24/2020,0.89375,0,1,6,0.986597222,0.959861111,0.908402778,Grand St @ Graham Ave
7/16/2020,1.0375,0,2,9,0.986400463,0.955185185,0.893171296,Grand St @ Graham Ave
7/30/2020,1.326923077,0,2,7,0.97396978,0.932783883,0.855265568,Grand St @ Graham Ave
8/13/2020,0.96875,0,2,6,0.981875,0.929652778,0.865069444,Grand St @ Graham Ave
8/27/2020,0.779166667,0,1,6,0.971944444,0.952083333,0.923055556,Grand St @ Graham Ave
9/24/2020,1.227083333,0,2,6,0.977847222,0.950486111,0.899722222,Grand St @ Graham Ave
10/8/2020,0.808333333,0,1,5,0.987222222,0.970625,0.927638889,Grand St @ Graham Ave
10/22/2020,2.554166667,1,4,10,0.965532407,0.90629795,0.822265212,Grand St @ Graham Ave
11/5/2020,1.404166667,0,2,7,0.964940476,0.930912698,0.877470238,Grand St @ Graham Ave
11/19/2020,0.683333333,0,1,4,0.969097222,0.965972222,0.955902778,Grand St @ Graham Ave
12/3/2020,0.491666667,0,1,4,0.994097222,0.981597222,0.975,Grand St @ Graham Ave
1/7/2021,0.814583333,0,1,5,0.991319444,0.972986111,0.935833333,Grand St @ Graham Ave
1/21/2021,1.154166667,0,2,6,0.986041667,0.963055556,0.916666667,Grand St @ Graham Ave
2/4/2021,0.44375,0,1,4,0.993055556,0.983333333,0.966319444,Grand St @ Graham Ave
2/18/2021,0.879166667,0,1,5,0.989097222,0.961875,0.932222222,Grand St @ Graham Ave
5/13/2020,1.685416667,0,3,8,0.969985119,0.923690476,0.833764881,Delancy St @ Essex St
5/27/2020,1.864583333,1,3,10,0.970530754,0.928058862,0.827635582,Delancy St @ Essex St
6/18/2020,2.077568134,1,3,11,0.969349076,0.911308352,0.813344889,Delancy St @ Essex St
6/24/2020,1.547916667,0,2,11,0.97175956,0.920011273,0.833471771,Delancy St @ Essex St
7/16/2020,1.895833333,1,3,11,0.960974026,0.8928364,0.78800956,Delancy St @ Essex St
7/30/2020,2.160416667,1,3,8,0.962043651,0.895694444,0.789186508,Delancy St @ Essex St
8/13/2020,2.345833333,1,3.25,12,0.957369228,0.903357834,0.79950953,Delancy St @ Essex St
8/27/2020,1.652083333,0,2,9,0.970694444,0.923540013,0.838425926,Delancy St @ Essex St
9/10/2020,1.979166667,1,3,13,0.97021978,0.922173509,0.809340787,Delancy St @ Essex St
9/24/2020,2.958333333,1,4,14,0.955665018,0.889943448,0.757823935,Delancy St @ Essex St
10/8/2020,1.392033543,0,2,8,0.978601378,0.94878207,0.881351702,Delancy St @ Essex St
10/22/2020,2.445833333,1,3,11,0.966414141,0.924271585,0.839254449,Delancy St @ Essex St
11/5/2020,1.629166667,0,2,8,0.978239087,0.949315476,0.879032738,Delancy St @ Essex St
11/19/2020,0.629166667,0,1,7,0.988204365,0.970277778,0.937579365,Delancy St @ Essex St
12/3/2020,0.491666667,0,1,6,0.992777778,0.981041667,0.947638889,Delancy St @ Essex St
1/7/2021,0.6125,0,1,4,0.99375,0.988194444,0.969097222,Delancy St @ Essex St
1/21/2021,0.410416667,0,1,4,0.991666667,0.980902778,0.954861111,Delancy St @ Essex St
2/4/2021,0.885416667,0,1,8,0.979384921,0.94640377,0.898427579,Delancy St @ Essex St
2/18/2021,1.233333333,0,2,9,0.966636905,0.922559524,0.858725198,Delancy St @ Essex St
5/13/2020,0.109859155,0,0,3,0.990610329,0.989671362,0.985915493,Van Dam St @ 48 Ave
5/27/2020,0.385416667,0,1,4,0.997569444,0.994791667,0.981597222,Van Dam St @ 48 Ave
6/18/2020,0.278825996,0,0,3,0.995807128,0.986722572,0.980433263,Van Dam St @ 48 Ave
6/24/2020,0.133333333,0,0,3,0.993055556,0.989583333,0.989583333,Van Dam St @ 48 Ave
7/16/2020,0.1875,0,0,3,0.990972222,0.988888889,0.982638889,Van Dam St @ 48 Ave
7/30/2020,0.188571429,0,0,3,1,0.996190476,0.99047619,Van Dam St @ 48 Ave
8/13/2020,0.339583333,0,1,3,1,0.978472222,0.968055556,Van Dam St @ 48 Ave
8/27/2020,0.304166667,0,0,4,0.984375,0.978819444,0.974652778,Van Dam St @ 48 Ave
9/24/2020,0.252083333,0,0,4,0.989236111,0.978125,0.972916667,Van Dam St @ 48 Ave
10/8/2020,0.252083333,0,0,3,0.995138889,0.994444444,0.979166667,Van Dam St @ 48 Ave
10/22/2020,0.177083333,0,0,3,0.986111111,0.982638889,0.977083333,Van Dam St @ 48 Ave
11/5/2020,0.15,0,0,3,0.996527778,0.989583333,0.985416667,Van Dam St @ 48 Ave
5/13/2020,1.052083333,0,2,6,0.982986111,0.964861111,0.910416667,Broadway @ 125 St
5/27/2020,1.004166667,0,2,6,0.983611111,0.957708333,0.905486111,Broadway @ 125 St
6/18/2020,1.306079665,0,2,5,0.978266946,0.953039832,0.899510832,Broadway @ 125 St
6/24/2020,0.75,0,1,7,0.99264881,0.970128968,0.944652778,Broadway @ 125 St
7/16/2020,0.616666667,0,1,4,0.978125,0.961458333,0.939583333,Broadway @ 125 St
7/30/2020,2.416666667,1,3,8,0.970411706,0.919781746,0.820530754,Broadway @ 125 St
8/13/2020,3.397916667,2,4,12,0.979695467,0.9234136,0.777680075,Broadway @ 125 St
8/27/2020,1.508333333,0,2,7,0.975734127,0.92296627,0.840446429,Broadway @ 125 St
9/24/2020,3.154069767,2,4,11,0.974312477,0.929642144,0.782976987,Broadway @ 125 St
10/8/2020,1.377083333,0,2,8,0.977232143,0.937777778,0.858015873,Broadway @ 125 St
10/22/2020,3.229166667,2,4,10,0.980243056,0.945464616,0.819768519,Broadway @ 125 St
11/5/2020,1.347916667,0,2,8,0.980481151,0.937247024,0.889722222,Broadway @ 125 St
11/19/2020,0.46875,0,1,4,0.997222222,0.975,0.961458333,Broadway @ 125 St
12/3/2020,0.51875,0,1,4,0.980208333,0.948611111,0.935069444,Broadway @ 125 St
1/7/2021,1.33125,0,2,7,0.985367063,0.943799603,0.813878968,Broadway @ 125 St
1/21/2021,1.28125,0,2,7,0.970694444,0.92,0.799315476,Broadway @ 125 St
2/4/2021,0.147916667,0,0,3,0.997916667,0.996527778,0.99375,Broadway @ 125 St
2/18/2021,0.227083333,0,0,5,0.991944444,0.984583333,0.98,Broadway @ 125 St
5/13/2020,0.5875,0,1,5,0.996319444,0.983819444,0.960902778,E 14 St @ Irving Pl/Lexington Av
5/27/2020,0.8125,0,1,5,0.979097222,0.970694444,0.942152778,E 14 St @ Irving Pl/Lexington Av
6/18/2020,0.867924528,0,1,5,0.970090846,0.956813417,0.916352201,E 14 St @ Irving Pl/Lexington Av
6/24/2020,0.597916667,0,1,5,0.995486111,0.980972222,0.961736111,E 14 St @ Irving Pl/Lexington Av
7/16/2020,0.633333333,0,1,7,0.980555556,0.963511905,0.94889881,E 14 St @ Irving Pl/Lexington Av
7/30/2020,0.89375,0,1,7,0.979166667,0.965873016,0.929077381,E 14 St @ Irving Pl/Lexington Av
8/13/2020,0.558333333,0,1,4,0.988888889,0.980208333,0.950347222,E 14 St @ Irving Pl/Lexington Av
8/27/2020,0.733333333,0,1,5,0.9875,0.967361111,0.936458333,E 14 St @ Irving Pl/Lexington Av
9/24/2020,1.1125,0,2,8,0.973814484,0.950431548,0.900124008,E 14 St @ Irving Pl/Lexington Av
10/8/2020,0.741127349,0,1,5,0.99512874,0.984203201,0.959290188,E 14 St @ Irving Pl/Lexington Av
10/22/2020,1.127083333,0,2,9,0.981886574,0.967951389,0.907569444,E 14 St @ Irving Pl/Lexington Av
11/5/2020,0.79375,0,1,5,0.990763889,0.962083333,0.937847222,E 14 St @ Irving Pl/Lexington Av
11/19/2020,0.835416667,0,1,7,0.992708333,0.969394841,0.913938492,E 14 St @ Irving Pl/Lexington Av
12/3/2020,0.804166667,0,1,5,0.971666667,0.945069444,0.918194444,E 14 St @ Irving Pl/Lexington Av
1/7/2021,0.45625,0,1,4,0.989583333,0.977777778,0.959722222,E 14 St @ Irving Pl/Lexington Av
1/21/2021,0.964583333,0,2,5,0.984861111,0.968819444,0.920486111,E 14 St @ Irving Pl/Lexington Av
2/4/2021,0.572916667,0,1,5,0.979861111,0.965069444,0.942986111,E 14 St @ Irving Pl/Lexington Av
2/18/2021,0.260416667,0,0,4,0.995833333,0.992708333,0.984375,E 14 St @ Irving Pl/Lexington Av
5/13/2020,1.012526096,0,2,7,0.964360274,0.941236703,0.886917189,Queens Blvd @ 48 St
5/27/2020,1.2875,0,2,7,0.949375,0.907470238,0.849007937,Queens Blvd @ 48 St
6/18/2020,1.509433962,0,2,8,0.956324249,0.914160926,0.835749226,Queens Blvd @ 48 St
9/24/2020,1.766666667,0.75,3,9,0.955176918,0.876678241,0.764669312,Queens Blvd @ 48 St
10/8/2020,0.454166667,0,1,5,0.980902778,0.964027778,0.933125,Queens Blvd @ 48 St
10/22/2020,1.695833333,0,3,7,0.918422619,0.821875,0.697876984,Queens Blvd @ 48 St
11/5/2020,0.614583333,0,1,6,0.978611111,0.949027778,0.907638889,Queens Blvd @ 48 St
11/19/2020,1.085416667,0,2,7,0.955595238,0.920714286,0.842896825,Queens Blvd @ 48 St
12/3/2020,1.28125,0,2,10,0.952536376,0.880238095,0.807556217,Queens Blvd @ 48 St
1/7/2021,0.60625,0,1,6,0.967083333,0.928333333,0.894930556,Queens Blvd @ 48 St
1/21/2021,1.05625,0,2,7,0.960426587,0.901478175,0.844821429,Queens Blvd @ 48 St
2/4/2021,0.185416667,0,0,4,0.996527778,0.992361111,0.977430556,Queens Blvd @ 48 St
2/18/2021,0.475,0,1,5,0.985555556,0.974791667,0.959652778,Queens Blvd @ 48 St
4/2/2020,0.741666667,0,1,7,0.983333333,0.965902778,0.935674603,Water St @ Whitehall
4/15/2020,0.517615176,0,1,8,0.978906956,0.96269196,0.946999613,Water St @ Whitehall
5/13/2020,0.84679089,0,1,7,0.956837228,0.927210884,0.897318348,Water St @ Whitehall
5/27/2020,1.082815735,0,2,10,0.94889579,0.892378981,0.839717046,Water St @ Whitehall
6/18/2020,0.566037736,0,1,5,0.988259958,0.968134172,0.952131377,Water St @ Whitehall
6/24/2020,0.577083333,0,1,5,0.989722222,0.965,0.938680556,Water St @ Whitehall
7/16/2020,0.46875,0,1,5,0.989305556,0.981805556,0.964583333,Water St @ Whitehall
7/30/2020,0.433333333,0,1,6,0.980833333,0.960763889,0.954166667,Water St @ Whitehall
8/13/2020,0.96875,0,1,7,0.979553571,0.964811508,0.911388889,Water St @ Whitehall
8/27/2020,0.495833333,0,1,5,0.992708333,0.981388889,0.960486111,Water St @ Whitehall
9/10/2020,0.966666667,0,2,6,0.966944444,0.941597222,0.914305556,Water St @ Whitehall
9/24/2020,1.689583333,1,2,7,0.980416667,0.945625,0.888869048,Water St @ Whitehall
10/8/2020,0.6125,0,1,6,0.964513889,0.943194444,0.919583333,Water St @ Whitehall
10/22/2020,3.38125,2,5,13,0.968299363,0.859376168,0.688399494,Water St @ Whitehall
11/5/2020,1.335416667,0,2,10,0.967071759,0.907437169,0.81875,Water St @ Whitehall
11/19/2020,2.570833333,0,4,16,0.967156536,0.901059103,0.75786526,Water St @ Whitehall
12/3/2020,1.989583333,0,3,18,0.959709092,0.895957633,0.787468974,Water St @ Whitehall
1/7/2021,1.61875,0,3,14,0.962707674,0.912688145,0.828165318,Water St @ Whitehall
1/21/2021,3.04375,1,4,13,0.944278823,0.859731877,0.676486234,Water St @ Whitehall
2/4/2021,0.233333333,0,0,6,0.997083333,0.988611111,0.988472222,Water St @ Whitehall
2/18/2021,0.54375,0,1,4,0.979861111,0.970138889,0.944444444,Water St @ Whitehall
5/13/2020,1.720833333,0,3,10,0.930428241,0.874270833,0.80412037,Northern Blvd @ 48 St
5/27/2020,2.252083333,1,3,12,0.932637085,0.859280303,0.74273539,Northern Blvd @ 48 St
6/18/2020,2.016771488,1,3,9,0.951796945,0.882148681,0.796938538,Northern Blvd @ 48 St
6/24/2020,1.879166667,1,3,8,0.947906746,0.880381944,0.768869048,Northern Blvd @ 48 St
7/16/2020,2.25625,1,3,9,0.94411045,0.865605159,0.729284061,Northern Blvd @ 48 St
7/30/2020,2.629166667,1,4,9,0.940550595,0.864214616,0.742847222,Northern Blvd @ 48 St
8/13/2020,1.091666667,0,2,6,0.977638889,0.96,0.915833333,Northern Blvd @ 48 St
8/27/2020,0.604166667,0,1,4,0.977777778,0.964236111,0.943402778,Northern Blvd @ 48 St
9/24/2020,4.122916667,2,6,14,0.95028179,0.877206879,0.774719898,Northern Blvd @ 48 St
10/8/2020,1.636743215,0,2,8,0.965419028,0.929595387,0.855572124,Northern Blvd @ 48 St
10/22/2020,2.979123173,2,4,9,0.965187063,0.92547967,0.767942473,Northern Blvd @ 48 St
11/5/2020,2.491666667,1,4,10,0.960795304,0.897997685,0.788723545,Northern Blvd @ 48 St
11/19/2020,0.883333333,0,1,5,0.978055556,0.9675,0.942430556,Northern Blvd @ 48 St
12/3/2020,1.072916667,0,2,7,0.968650794,0.944325397,0.905218254,Northern Blvd @ 48 St
1/7/2021,0.460416667,0,1,3,0.997222222,0.986111111,0.980555556,Northern Blvd @ 48 St
1/21/2021,2.7125,1,4,8,0.961760913,0.896279762,0.789236111,Northern Blvd @ 48 St
2/4/2021,0.047916667,0,0,2,1,1,0.995833333,Northern Blvd @ 48 St
2/18/2021,0.58125,0,1,5,0.979166667,0.951875,0.933958333,Northern Blvd @ 48 St
5/13/2020,0.602083333,0,1,5,0.977569444,0.962638889,0.935347222,Northern Blvd @ Broadway
5/27/2020,0.74375,0,1,6,0.971527778,0.951180556,0.915347222,Northern Blvd @ Broadway
6/18/2020,2.153039832,1,3,8,0.812418888,0.767240691,0.657147849,Northern Blvd @ Broadway
6/24/2020,0.677083333,0,1,5,0.971666667,0.949097222,0.920277778,Northern Blvd @ Broadway
7/16/2020,0.889583333,0,1,5,0.958888889,0.928958333,0.896458333,Northern Blvd @ Broadway
7/30/2020,2.479166667,1,4,13,0.958092267,0.88547019,0.782813055,Northern Blvd @ Broadway
8/13/2020,2.5625,1,4,13,0.935975818,0.872066776,0.790841358,Northern Blvd @ Broadway
8/27/2020,1.464583333,0,2,9,0.974556878,0.926380622,0.853184524,Northern Blvd @ Broadway
9/10/2020,1.629166667,0,2,7,0.948621032,0.900267857,0.825267857,Northern Blvd @ Broadway
9/24/2020,2.8625,1,4,12,0.919963775,0.845544883,0.744668561,Northern Blvd @ Broadway
10/8/2020,0.925,0,1,5,0.975902778,0.934305556,0.872013889,Northern Blvd @ Broadway
10/22/2020,2.741666667,1,4,10,0.947296627,0.891605489,0.808387897,Northern Blvd @ Broadway
11/5/2020,0.877083333,0,1,6,0.965069444,0.938194444,0.888333333,Northern Blvd @ Broadway
11/19/2020,1.577083333,0,2,15,0.9557212,0.913722944,0.852938312,Northern Blvd @ Broadway
12/3/2020,1.979166667,0,3,14,0.962935409,0.910063744,0.859735149,Northern Blvd @ Broadway
1/7/2021,0.954166667,0,1,7,0.96734127,0.92859127,0.87155754,Northern Blvd @ Broadway
1/21/2021,1.310416667,0,2,9,0.964809854,0.907496693,0.862065146,Northern Blvd @ Broadway
2/4/2021,0.772916667,0,1,12,0.974168019,0.945064935,0.898637266,Northern Blvd @ Broadway
2/18/2021,1.675,1,2,7,0.951021825,0.906964286,0.836190476,Northern Blvd @ Broadway
5/13/2020,0.460416667,0,1,5,0.986180556,0.97,0.957847222,Northern Blvd @ Steinway
5/27/2020,0.970833333,0,2,5,0.990069444,0.967847222,0.912777778,Northern Blvd @ Steinway
6/18/2020,0.830188679,0,1,5,0.964779874,0.954786862,0.920055905,Northern Blvd @ Steinway
6/24/2020,0.754166667,0,1,6,0.98125,0.961805556,0.928541667,Northern Blvd @ Steinway
7/16/2020,1.189583333,0,2,6,0.970069444,0.944861111,0.896805556,Northern Blvd @ Steinway
7/30/2020,0.847916667,0,1,8,0.967222222,0.94687004,0.919975198,Northern Blvd @ Steinway
8/13/2020,0.395833333,0,1,4,0.994791667,0.978819444,0.9625,Northern Blvd @ Steinway
8/27/2020,0.570833333,0,1,4,0.983333333,0.965277778,0.932638889,Northern Blvd @ Steinway
9/24/2020,1.66875,1,2,6,0.989652778,0.925555556,0.877430556,Northern Blvd @ Steinway
10/8/2020,0.321503132,0,1,3,0.991649269,0.991649269,0.972860125,Northern Blvd @ Steinway
10/22/2020,1.995833333,1,3,6,0.993125,0.9725,0.930486111,Northern Blvd @ Steinway
11/5/2020,0.460416667,0,1,5,0.981388889,0.970972222,0.952013889,Northern Blvd @ Steinway
11/19/2020,0.414583333,0,1,4,0.992708333,0.978819444,0.9625,Northern Blvd @ Steinway
12/3/2020,0.333333333,0,1,4,0.984722222,0.975694444,0.963541667,Northern Blvd @ Steinway
1/7/2021,0.164583333,0,0,4,0.995833333,0.995138889,0.991666667,Northern Blvd @ Steinway
1/21/2021,0.452083333,0,1,4,0.984027778,0.973611111,0.965625,Northern Blvd @ Steinway
2/4/2021,0.195833333,0,0,4,0.998958333,0.994097222,0.986458333,Northern Blvd @ Steinway
2/18/2021,0.51875,0,1,4,0.996875,0.980208333,0.970833333,Northern Blvd @ Steinway
5/13/2020,1.845833333,1,3,8,0.981537698,0.950223214,0.884945437,Central park west @ 86 St
5/27/2020,1.504166667,0,2,7,0.975069444,0.941706349,0.878551587,Central park west @ 86 St
6/18/2020,1.698113208,1,3,7,0.973525007,0.930657882,0.871458521,Central park west @ 86 St
6/24/2020,1.289583333,0,2,11,0.983049242,0.964917929,0.901117424,Central park west @ 86 St
7/16/2020,1.65625,1,2,8,0.955902778,0.901190476,0.822410714,Central park west @ 86 St
7/30/2020,1.23125,0,2,7,0.973888889,0.951259921,0.897559524,Central park west @ 86 St
8/13/2020,0.079166667,0,0,2,0.997916667,0.997916667,0.995833333,Central park west @ 86 St
8/27/2020,0.2625,0,0,3,0.995138889,0.96875,0.96875,Central park west @ 86 St
10/8/2020,0.335416667,0,1,7,0.994593254,0.991121032,0.978125,Central park west @ 86 St
10/22/2020,0.366666667,0,1,4,0.993055556,0.984722222,0.971180556,Central park west @ 86 St
11/5/2020,0.329166667,0,0,4,0.983333333,0.973263889,0.958680556,Central park west @ 86 St
11/19/2020,0.1625,0,0,3,0.999305556,0.997222222,0.985416667,Central park west @ 86 St
12/3/2020,0.129166667,0,0,2,0.995833333,0.995833333,0.991666667,Central park west @ 86 St
1/7/2021,0.772916667,0,1,7,0.995287698,0.963244048,0.92140873,Central park west @ 86 St
1/21/2021,0.739583333,0,1,5,0.993472222,0.977916667,0.956458333,Central park west @ 86 St
2/4/2021,0.525,0,1,6,0.979652778,0.966319444,0.948541667,Central park west @ 86 St
2/18/2021,1.160416667,0,2,6,0.939305556,0.904305556,0.877083333,Central park west @ 86 St
5/13/2020,3.244258873,1,5,13,0.952720001,0.879537512,0.709452227,Kissena Blvd @ Sanford Ave
5/27/2020,3.110416667,2,4,13,0.953572515,0.870376279,0.683437824,Kissena Blvd @ Sanford Ave
6/18/2020,4.578616352,3,6,13,0.944978269,0.858687236,0.658449191,Kissena Blvd @ Sanford Ave
6/24/2020,3.579166667,2,5,13,0.937952742,0.844427482,0.661314577,Kissena Blvd @ Sanford Ave
7/16/2020,4.160416667,2,6,14,0.947869445,0.860502461,0.634818538,Kissena Blvd @ Sanford Ave
7/30/2020,4.416666667,3,6,13,0.946705528,0.86205704,0.678594519,Kissena Blvd @ Sanford Ave
8/13/2020,5.395833333,3,7,17,0.959262132,0.873955899,0.685453328,Kissena Blvd @ Sanford Ave
8/27/2020,3.94375,2,6,13,0.958951847,0.888041634,0.698184316,Kissena Blvd @ Sanford Ave
9/24/2020,6.245833333,4,8,14,0.956828287,0.851076377,0.600495396,Kissena Blvd @ Sanford Ave
10/8/2020,5.468619247,3,7,13,0.956979004,0.875802278,0.645260539,Kissena Blvd @ Sanford Ave
10/22/2020,6.53125,4,8,15,0.963758105,0.862640947,0.63175216,Kissena Blvd @ Sanford Ave
11/5/2020,5.55,4,7,15,0.958457642,0.859670064,0.618016625,Kissena Blvd @ Sanford Ave
11/19/2020,1.552083333,0,2,10,0.961850198,0.906185516,0.81672123,Kissena Blvd @ Sanford Ave
12/3/2020,1.48125,0,2,11,0.970358947,0.901561748,0.813380532,Kissena Blvd @ Sanford Ave
1/7/2021,2.933333333,2,4,10,0.948022487,0.82969246,0.618981481,Kissena Blvd @ Sanford Ave
1/21/2021,4.647916667,3,6,14,0.952590188,0.856177815,0.596112684,Kissena Blvd @ Sanford Ave
2/4/2021,3.083333333,2,4,8,0.953849206,0.823154762,0.603888889,Kissena Blvd @ Sanford Ave
2/18/2021,1.3125,0,2,7,0.981468254,0.928293651,0.872460317,Kissena Blvd @ Sanford Ave
5/13/2020,1.295566502,0,2,8,0.984060521,0.963288764,0.905389397,Malcom X Blvd @ 145 St
5/27/2020,2.327083333,1,3,8,0.97108631,0.921235119,0.845877976,Malcom X Blvd @ 145 St
6/18/2020,2.769392034,1,4,10,0.971065855,0.921318758,0.822649829,Malcom X Blvd @ 145 St
6/24/2020,1.714583333,1,3,8,0.977088294,0.93672123,0.858581349,Malcom X Blvd @ 145 St
7/16/2020,1.922916667,1,3,11,0.964960768,0.90331259,0.829285263,Malcom X Blvd @ 145 St
7/30/2020,2.363380282,1,3,9,0.981797451,0.946440867,0.854453387,Malcom X Blvd @ 145 St
8/13/2020,2.610315186,1,4,9,0.982487379,0.946973211,0.864031018,Malcom X Blvd @ 145 St
8/27/2020,1.404166667,0,2,7,0.969970238,0.931884921,0.840446429,Malcom X Blvd @ 145 St
9/24/2020,3.202083333,2,5,10,0.975137235,0.927308201,0.822438823,Malcom X Blvd @ 145 St
10/8/2020,1.129973475,0,2,8,0.986516357,0.944499179,0.895875963,Malcom X Blvd @ 145 St
10/22/2020,2.75625,1,4,10,0.979631283,0.923627646,0.816526124,Malcom X Blvd @ 145 St
11/5/2020,0.78125,0,1,7,0.982589286,0.952638889,0.913779762,Malcom X Blvd @ 145 St
1/7/2021,0.441666667,0,0,7,0.995109127,0.976438492,0.96235119,Malcom X Blvd @ 145 St
1/21/2021,0.641666667,0,1,5,0.989722222,0.977222222,0.960277778,Malcom X Blvd @ 145 St
2/4/2021,0.2875,0,0,4,0.994791667,0.985763889,0.965625,Malcom X Blvd @ 145 St
2/18/2021,1.241666667,0,2,7,0.976468254,0.950753968,0.885714286,Malcom X Blvd @ 145 St
5/13/2020,2.18125,1,3,8,0.973482143,0.89327877,0.73485119,Main St @ Sanford Ave
5/27/2020,3.547916667,2,5,11,0.946265031,0.804183953,0.521263528,Main St @ Sanford Ave
6/18/2020,4.911949686,4,6,13,0.96073719,0.797520753,0.438785847,Main St @ Sanford Ave
6/24/2020,2.816666667,1,4,11,0.960896314,0.829948894,0.640751413,Main St @ Sanford Ave
7/16/2020,2.2375,1,3,8,0.970615079,0.843005952,0.659310516,Main St @ Sanford Ave
7/30/2020,3.395833333,2,4,10,0.95760086,0.844945437,0.605656415,Main St @ Sanford Ave
8/13/2020,5.072916667,4,6,12,0.964206349,0.826187921,0.454874339,Main St @ Sanford Ave
8/27/2020,3.079166667,2,4,9,0.971243386,0.836901455,0.603497024,Main St @ Sanford Ave
9/10/2020,3.520833333,2,5,10,0.955405093,0.77192295,0.563460648,Main St @ Sanford Ave
9/24/2020,4.220833333,3,6,11,0.95582672,0.78236517,0.542451449,Main St @ Sanford Ave
10/8/2020,3.819327731,2,5,13,0.942943075,0.791821344,0.530270826,Main St @ Sanford Ave
10/22/2020,3.60625,2,5,10,0.955419974,0.735906085,0.455023148,Main St @ Sanford Ave
11/5/2020,1.908333333,1,3,8,0.959097222,0.82109623,0.649389881,Main St @ Sanford Ave
11/19/2020,1.44375,0,2,6,0.957777778,0.860763889,0.739722222,Main St @ Sanford Ave
12/3/2020,1.479166667,0,2,7,0.957996032,0.865486111,0.716121032,Main St @ Sanford Ave
1/7/2021,3.90625,2,5,11,0.96775493,0.862002315,0.6727883,Main St @ Sanford Ave
1/21/2021,5.354166667,4,7,20,0.959946944,0.824830773,0.583769774,Main St @ Sanford Ave
2/4/2021,1.845833333,0,3,11,0.981473515,0.943317551,0.881363035,Main St @ Sanford Ave
2/18/2021,3.164583333,0,6,13,0.982675507,0.922930969,0.823056689,Main St @ Sanford Ave
1/7/2021,0.927083333,0,2,6,0.964930556,0.881805556,0.788333333,Main St @ Roosevelt Ave
1/21/2021,1.322916667,0,2,7,0.959623016,0.857708333,0.731339286,Main St @ Roosevelt Ave
2/4/2021,0.520833333,0,1,5,0.992430556,0.953055556,0.922430556,Main St @ Roosevelt Ave
2/18/2021,4.941666667,0,9,20,0.979932247,0.931701841,0.849603464,Main St @ Roosevelt Ave
5/13/2020,0.3375,0,1,4,0.995486111,0.981944444,0.953819444,Stillwell Ave @ 86 St
5/27/2020,0.679166667,0,1,7,0.986636905,0.961994048,0.91640873,Stillwell Ave @ 86 St
6/18/2020,0.807127883,0,1,6,0.966037736,0.931865828,0.898742138,Stillwell Ave @ 86 St
6/24/2020,0.377142857,0,1,3,0.982857143,0.966666667,0.941904762,Stillwell Ave @ 86 St
7/16/2020,0.414583333,0,1,6,0.987291667,0.960763889,0.944027778,Stillwell Ave @ 86 St
7/30/2020,0.76875,0,1,7,0.983789683,0.942867063,0.894722222,Stillwell Ave @ 86 St
8/13/2020,0.322916667,0,0,5,0.992638889,0.972291667,0.960625,Stillwell Ave @ 86 St
8/27/2020,0.314583333,0,0,6,0.989930556,0.973819444,0.969236111,Stillwell Ave @ 86 St
9/24/2020,0.935416667,0,1,6,0.97375,0.920625,0.87125,Stillwell Ave @ 86 St
10/8/2020,0.3375,0,0,4,0.984027778,0.959722222,0.951388889,Stillwell Ave @ 86 St
10/22/2020,0.904166667,0,1,6,0.979722222,0.951527778,0.904375,Stillwell Ave @ 86 St
11/5/2020,0.377083333,0,0.25,5,0.975694444,0.960555556,0.945555556,Stillwell Ave @ 86 St
11/19/2020,0.25625,0,0,6,0.989930556,0.977152778,0.966319444,Stillwell Ave @ 86 St
12/3/2020,0.14375,0,0,4,0.994444444,0.985763889,0.981597222,Stillwell Ave @ 86 St
1/7/2021,0.254166667,0,0,4,0.981944444,0.966666667,0.953819444,Stillwell Ave @ 86 St
1/21/2021,0.68125,0,1,5,0.968541667,0.946597222,0.911597222,Stillwell Ave @ 86 St
2/4/2021,0.05,0,0,2,0.995833333,0.995833333,0.995833333,Stillwell Ave @ 86 St
2/18/2021,0.016666667,0,0,2,0.997916667,0.997916667,0.997916667,Stillwell Ave @ 86 St
5/13/2020,0.902083333,0,1,7,0.984593254,0.947103175,0.908005952,Pelham Pkwy W/B @ Boston Rd
5/27/2020,1.022916667,0,2,6,0.964791667,0.916388889,0.862986111,Pelham Pkwy W/B @ Boston Rd
6/18/2020,0.721174004,0,1,7,0.965658381,0.933812519,0.900419287,Pelham Pkwy W/B @ Boston Rd
6/24/2020,0.641666667,0,1,4,0.966666667,0.947222222,0.910416667,Pelham Pkwy W/B @ Boston Rd
7/16/2020,0.08125,0,0,3,0.997222222,0.992361111,0.9875,Pelham Pkwy W/B @ Boston Rd
7/30/2020,0.760416667,0,1,7,0.966359127,0.939871032,0.902212302,Pelham Pkwy W/B @ Boston Rd
8/13/2020,0.81875,0,1,6,0.977638889,0.955555556,0.913680556,Pelham Pkwy W/B @ Boston Rd
8/27/2020,0.46875,0,1,3,0.984722222,0.963194444,0.946527778,Pelham Pkwy W/B @ Boston Rd
9/10/2020,1.025,0,2,6,0.975,0.949444444,0.898888889,Pelham Pkwy W/B @ Boston Rd
9/24/2020,1.28125,0,2,7,0.946517857,0.8875,0.798740079,Pelham Pkwy W/B @ Boston Rd
10/8/2020,0.617954071,0,1,6,0.969102296,0.949756437,0.923521225,Pelham Pkwy W/B @ Boston Rd
10/22/2020,0.86875,0,1,6,0.973611111,0.947291667,0.895902778,Pelham Pkwy W/B @ Boston Rd
11/5/2020,0.160416667,0,0,5,0.9925,0.989722222,0.979722222,Pelham Pkwy W/B @ Boston Rd
11/19/2020,0.283333333,0,0,5,0.995972222,0.991805556,0.981736111,Pelham Pkwy W/B @ Boston Rd
12/3/2020,0.202083333,0,0,3,0.997916667,0.991666667,0.984722222,Pelham Pkwy W/B @ Boston Rd
1/7/2021,0.516666667,0,1,5,0.978402778,0.967638889,0.952222222,Pelham Pkwy W/B @ Boston Rd
1/21/2021,0.716666667,0,1,5,0.974444444,0.951597222,0.918055556,Pelham Pkwy W/B @ Boston Rd
2/4/2021,0.066666667,0,0,3,0.999305556,0.999305556,0.995833333,Pelham Pkwy W/B @ Boston Rd
2/18/2021,0.077083333,0,0,2,0.995833333,0.995833333,0.991666667,Pelham Pkwy W/B @ Boston Rd
5/13/2020,0.891666667,0,1,7,0.983363095,0.939761905,0.881646825,Beach Channel Dr @B Mott Ave
5/27/2020,1.122916667,0,2,6,0.962847222,0.909861111,0.859027778,Beach Channel Dr @B Mott Ave
6/18/2020,1.333333333,0,2,8,0.962658481,0.892986922,0.829864231,Beach Channel Dr @B Mott Ave
6/24/2020,0.925,0,1,7,0.974315476,0.933105159,0.864117063,Beach Channel Dr @B Mott Ave
7/16/2020,0.989583333,0,2,6,0.956527778,0.883680556,0.831736111,Beach Channel Dr @B Mott Ave
7/30/2020,1.835416667,1,3,7,0.979186508,0.934325397,0.852222222,Beach Channel Dr @B Mott Ave
8/13/2020,0.9125,0,2,6,0.985277778,0.901458333,0.845,Beach Channel Dr @B Mott Ave
8/27/2020,0.70625,0,1,5,0.98,0.916527778,0.880208333,Beach Channel Dr @B Mott Ave
9/24/2020,1.322916667,0,2,6,0.984097222,0.917152778,0.856388889,Beach Channel Dr @B Mott Ave
10/8/2020,0.76091954,0,1,5,0.970881226,0.898697318,0.849578544,Beach Channel Dr @B Mott Ave
10/22/2020,1.326203209,0,2,7,0.964795009,0.90850522,0.852393685,Beach Channel Dr @B Mott Ave
11/5/2020,0.702083333,0,1,6,0.978125,0.910138889,0.858680556,Beach Channel Dr @B Mott Ave
11/19/2020,0.239583333,0,0,4,0.997916667,0.9875,0.975694444,Beach Channel Dr @B Mott Ave
12/3/2020,0.239035088,0,0,4,0.99122807,0.975511696,0.961988304,Beach Channel Dr @B Mott Ave
1/7/2021,0.30625,0,0,4,0.988888889,0.967013889,0.95,Beach Channel Dr @B Mott Ave
1/21/2021,0.86875,0,1,6,0.985972222,0.925069444,0.884652778,Beach Channel Dr @B Mott Ave
2/4/2021,0.314583333,0,0,8,0.992291667,0.973323413,0.964250992,Beach Channel Dr @B Mott Ave
2/18/2021,0.6625,0,1,5,0.987847222,0.947847222,0.908402778,Beach Channel Dr @B Mott Ave
5/13/2020,0.209245742,0,0,3,0.99107867,0.98864558,0.98540146,Springfield Blvd @ Merrick Blvd
5/27/2020,0.25625,0,0,2,0.995833333,0.985416667,0.98125,Springfield Blvd @ Merrick Blvd
6/18/2020,0.358490566,0,1,3,0.997204752,0.983228512,0.976939203,Springfield Blvd @ Merrick Blvd
6/24/2020,0.1125,0,0,3,1,0.999305556,0.998611111,Springfield Blvd @ Merrick Blvd
7/16/2020,0.609498681,0,1,6,0.982585752,0.960686016,0.928759894,Springfield Blvd @ Merrick Blvd
7/30/2020,0.564583333,0,1,6,0.986944444,0.967291667,0.939444444,Springfield Blvd @ Merrick Blvd
8/13/2020,0.5625,0,1,6,0.983680556,0.973125,0.937847222,Springfield Blvd @ Merrick Blvd
8/27/2020,0.6375,0,1,6,0.978611111,0.955208333,0.937708333,Springfield Blvd @ Merrick Blvd
9/24/2020,0.914634146,0,2,7,0.978513357,0.93728223,0.910278746,Springfield Blvd @ Merrick Blvd
10/8/2020,0.672916667,0,1,7,0.991607143,0.961458333,0.929007937,Springfield Blvd @ Merrick Blvd
10/22/2020,0.65625,0,1,9,0.980902778,0.957488426,0.919108796,Springfield Blvd @ Merrick Blvd
11/5/2020,0.33125,0,0,6,0.994722222,0.976805556,0.959930556,Springfield Blvd @ Merrick Blvd
11/19/2020,0.314583333,0,0,4,0.995138889,0.979861111,0.965972222,Springfield Blvd @ Merrick Blvd
12/3/2020,0.289583333,0,0,4,0.995138889,0.980555556,0.970486111,Springfield Blvd @ Merrick Blvd
1/7/2021,0.241666667,0,0,4,0.992361111,0.983680556,0.969791667,Springfield Blvd @ Merrick Blvd
1/21/2021,0.329166667,0,1,5,0.986458333,0.964375,0.957847222,Springfield Blvd @ Merrick Blvd
2/4/2021,0.114583333,0,0,4,0.992708333,0.988888889,0.984722222,Springfield Blvd @ Merrick Blvd
2/18/2021,0.239583333,0,0,3,0.997222222,0.993055556,0.990972222,Springfield Blvd @ Merrick Blvd
5/13/2020,3.8625,2,5,10,0.955830026,0.840009921,0.633526786,St Nicholas Ave @ 125 St
5/27/2020,4.6375,3,6,12,0.966210317,0.870800715,0.689738757,St Nicholas Ave @ 125 St
6/18/2020,5.289308176,4,7,14,0.960065883,0.84335719,0.650342983,St Nicholas Ave @ 125 St
6/24/2020,4.675,3,6,13,0.959729113,0.839664676,0.641502745,St Nicholas Ave @ 125 St
7/16/2020,5.285416667,3,7,16,0.964893954,0.864695241,0.680713684,St Nicholas Ave @ 125 St
8/13/2020,8.5625,6,11,17,0.971669761,0.898589796,0.734092731,St Nicholas Ave @ 125 St
8/27/2020,6.25,4,8,15,0.960817759,0.86132474,0.694699872,St Nicholas Ave @ 125 St
9/24/2020,6.875,5,8,16,0.961415905,0.867084611,0.680954861,St Nicholas Ave @ 125 St
10/8/2020,3.08125,1,5,13,0.97133436,0.887475522,0.748267589,St Nicholas Ave @ 125 St
10/22/2020,7.989583333,6,10,17,0.96602898,0.883535882,0.713677227,St Nicholas Ave @ 125 St
11/5/2020,3.714583333,1,6,12,0.971477273,0.885773058,0.746087362,St Nicholas Ave @ 125 St
11/19/2020,6.535416667,5,8,15,0.969915466,0.889107339,0.69882348,St Nicholas Ave @ 125 St
12/3/2020,5.9125,4,8,15,0.971246647,0.883528173,0.698768974,St Nicholas Ave @ 125 St
1/7/2021,5.033333333,3,7,17,0.968140334,0.892070886,0.745665499,St Nicholas Ave @ 125 St
1/21/2021,4.922916667,3,7,14,0.963529329,0.87251739,0.698682914,St Nicholas Ave @ 125 St
2/4/2021,0.879166667,0,1,6,0.972291667,0.952013889,0.919375,St Nicholas Ave @ 125 St
2/18/2021,0.885416667,0,1,6,0.988680556,0.927986111,0.895208333,St Nicholas Ave @ 125 St
5/13/2020,4.875,3,6,11,0.945814544,0.806304113,0.562659331,St Nicolas Ave @ 181 St
5/27/2020,6.991666667,5,9,15,0.955152752,0.827115269,0.580864714,St Nicolas Ave @ 181 St
6/18/2020,6.65408805,5,8,15,0.967233605,0.85557615,0.609892006,St Nicolas Ave @ 181 St
6/24/2020,3.91875,2,5,14,0.968562017,0.868099817,0.686708766,St Nicolas Ave @ 181 St
7/16/2020,4.383333333,3,6,13,0.962745091,0.825449689,0.602882314,St Nicolas Ave @ 181 St
7/30/2020,5.6125,4,8,14,0.972344623,0.853293235,0.605480422,St Nicolas Ave @ 181 St
8/13/2020,6.335416667,4,8,14,0.966077221,0.851615942,0.575500657,St Nicolas Ave @ 181 St
8/27/2020,5.814583333,4,7,17,0.964575342,0.844398702,0.582476504,St Nicolas Ave @ 181 St
9/10/2020,5.258333333,3,7,15,0.967254031,0.848182338,0.60120656,St Nicolas Ave @ 181 St
9/24/2020,5.852083333,4,8,14,0.966911422,0.863820739,0.647606433,St Nicolas Ave @ 181 St
10/8/2020,2.240083507,0,3,11,0.9708824,0.878291414,0.732754777,St Nicolas Ave @ 181 St
10/22/2020,5.533333333,4,7,15,0.963151582,0.826033561,0.548228808,St Nicolas Ave @ 181 St
11/5/2020,2.34375,0,4,11,0.97077411,0.880837542,0.71940401,St Nicolas Ave @ 181 St
11/19/2020,2.75625,1,4,12,0.964983466,0.868814033,0.701354317,St Nicolas Ave @ 181 St
12/3/2020,3.339583333,1,5,14,0.968127798,0.855557961,0.630485082,St Nicolas Ave @ 181 St
1/7/2021,2.29375,0,4,10,0.976089616,0.869257606,0.705067791,St Nicolas Ave @ 181 St
1/21/2021,3.235416667,1,5,12,0.964332311,0.836819234,0.608910985,St Nicolas Ave @ 181 St
2/4/2021,2.283333333,1,3,11,0.957827381,0.881824495,0.75459596,St Nicolas Ave @ 181 St
2/18/2021,3.466666667,2,5,9,0.962415675,0.88739914,0.750972222,St Nicolas Ave @ 181 St
4/15/2020,0.671959883,0,1,11,0.990237761,0.979008399,0.950202702,Park Ave @ 23 St
5/13/2020,0.760680792,0,1,8,0.984642485,0.969824178,0.937429498,Park Ave @ 23 St
5/27/2020,0.926041667,0,1,12,0.991383102,0.975283565,0.936313808,Park Ave @ 23 St
6/18/2020,1.935349322,0,3,11,0.974134864,0.937139457,0.817758121,Park Ave @ 23 St
6/24/2020,1.728819444,0,3,11,0.98323553,0.941300505,0.824272963,Park Ave @ 23 St
8/13/2020,1.777275886,0,3,10,0.977848374,0.939566719,0.835406808,Park Ave @ 23 St
8/27/2020,2.086805556,0,4,11,0.980795404,0.944140788,0.823648213,Park Ave @ 23 St
9/10/2020,1.90122164,0,3,11,0.984630524,0.943424043,0.829786622,Park Ave @ 23 St
9/24/2020,2.573263889,0,5,12,0.97767048,0.926379194,0.788999344,Park Ave @ 23 St
11/5/2020,1.260416667,0,2,10,0.983700397,0.953923611,0.892119709,Park Ave @ 23 St
11/19/2020,0.15625,0,0,4,0.997916667,0.994791667,0.994097222,Park Ave @ 23 St
12/3/2020,0.177083333,0,0,3,0.992361111,0.989583333,0.979861111,Park Ave @ 23 St
1/7/2021,0.922916667,0,1,7,0.988958333,0.974206349,0.921755952,Park Ave @ 23 St
1/21/2021,1.197916667,0,2,7,0.979027778,0.953690476,0.898373016,Park Ave @ 23 St
2/4/2021,0.20625,0,0,3,0.997222222,0.995833333,0.9875,Park Ave @ 23 St
4/2/2020,2.083333333,1,3,8,0.980367063,0.942921627,0.865019841,Broadway @ 51st
4/15/2020,1.490291262,0,2,8,0.973179612,0.941990291,0.883945908,Broadway @ 51st
5/13/2020,1.191666667,0,2,6,0.98,0.9575,0.919652778,Broadway @ 51st
5/27/2020,1.766666667,1,3,8,0.989930556,0.972772817,0.906448413,Broadway @ 51st
6/18/2020,2.28721174,1,3,7,0.988519517,0.973185585,0.915204153,Broadway @ 51st
6/24/2020,1.764091858,1,3,8,0.98626106,0.963818471,0.930181927,Broadway @ 51st
7/16/2020,2.53125,1,4,9,0.970661376,0.924968585,0.843158069,Broadway @ 51st
7/30/2020,2.554166667,1,3,8,0.986840278,0.939265873,0.837792659,Broadway @ 51st
8/13/2020,3,2,4,10,0.978900463,0.923100198,0.855545635,Broadway @ 51st
8/27/2020,2.295833333,1,3,8,0.986428571,0.949751984,0.850456349,Broadway @ 51st
9/10/2020,2.129166667,1,3,10,0.975659722,0.946605489,0.877718254,Broadway @ 51st
9/24/2020,3.660416667,2,5,12,0.976137115,0.928925715,0.823308231,Broadway @ 51st
10/8/2020,3.210416667,2,5,12,0.981297799,0.94943753,0.858546928,Broadway @ 51st
10/22/2020,4.089583333,2,6,14,0.97707302,0.939995745,0.855483695,Broadway @ 51st
11/5/2020,3.154166667,1,5,14,0.954563492,0.867678699,0.730040573,Broadway @ 51st
11/19/2020,2.120833333,1,3,8,0.97062004,0.909375,0.77328869,Broadway @ 51st
12/3/2020,1.729166667,0,2,10,0.968730159,0.905074405,0.826147487,Broadway @ 51st
1/7/2021,2.289583333,1,4,9,0.966276455,0.943187831,0.864328704,Broadway @ 51st
1/21/2021,2.7625,1,4,11,0.973521976,0.932436117,0.850032167,Broadway @ 51st
2/4/2021,1.914583333,1,3,8,0.97812996,0.920009921,0.839246032,Broadway @ 51st
2/18/2021,0.904166667,0,1,6,0.984583333,0.952430556,0.926319444,Broadway @ 51st
5/13/2020,4.072916667,2,6,12,0.951354016,0.843803662,0.660618987,Amsterdam @ 72 St
5/27/2020,4.704166667,3,6,14,0.962343004,0.851528622,0.662539162,Amsterdam @ 72 St
6/18/2020,0.714884696,0,1,5,0.981761006,0.972466806,0.939972048,Amsterdam @ 72 St
6/24/2020,0.43125,0,1,4,0.988194444,0.978472222,0.964236111,Amsterdam @ 72 St
7/16/2020,0.402083333,0,1,3,0.99375,0.986805556,0.972916667,Amsterdam @ 72 St
7/30/2020,0.695833333,0,1,5,0.989027778,0.976875,0.95375,Amsterdam @ 72 St
8/13/2020,6.316666667,4,8,15,0.963014474,0.876237859,0.697191801,Amsterdam @ 72 St
8/27/2020,5.333333333,3,7,14,0.959727391,0.83359963,0.648553981,Amsterdam @ 72 St
9/24/2020,3.641666667,2,5,11,0.966882065,0.867089196,0.68503848,Amsterdam @ 72 St
10/8/2020,5.95625,4,8,14,0.959024656,0.84171908,0.676358294,Amsterdam @ 72 St
10/22/2020,5.3375,3,7,17,0.954301241,0.836834301,0.661141324,Amsterdam @ 72 St
11/5/2020,4.15625,2,6,14,0.946661267,0.825122169,0.644601949,Amsterdam @ 72 St
11/19/2020,6.725,5,8,16,0.942585314,0.799081532,0.586122026,Amsterdam @ 72 St
12/3/2020,6.125,4,8,13,0.947135816,0.824459869,0.625427327,Amsterdam @ 72 St
1/7/2021,3.402083333,2,5,12,0.956414743,0.862267316,0.703007456,Amsterdam @ 72 St
1/21/2021,3.9875,2,5,14,0.953148102,0.853022498,0.674163337,Amsterdam @ 72 St
2/4/2021,2.5875,1,4,13,0.959779965,0.871367649,0.741836717,Amsterdam @ 72 St
2/18/2021,2.602083333,1,4,9,0.966846892,0.897670304,0.778333333,Amsterdam @ 72 St
5/13/2020,1.477083333,0,2,8,0.974464286,0.923869048,0.795887897,Columbus St @ 65 Ave
5/27/2020,1.735416667,1,3,8,0.964032738,0.916855159,0.793263889,Columbus St @ 65 Ave
6/18/2020,2.865828092,1,4,11,0.964294185,0.924901607,0.837617717,Columbus St @ 65 Ave
6/24/2020,1.645833333,0,2,9,0.977063492,0.94130291,0.831036706,Columbus St @ 65 Ave
7/16/2020,1.622916667,0,3,8,0.975600198,0.930977183,0.847147817,Columbus St @ 65 Ave
7/30/2020,2.258333333,1,3,9,0.956559193,0.88630291,0.78401455,Columbus St @ 65 Ave
8/13/2020,2.079166667,1,3,10,0.957496693,0.914583333,0.807225529,Columbus St @ 65 Ave
8/27/2020,2.283333333,1,3,8,0.96047123,0.907083333,0.779419643,Columbus St @ 65 Ave
9/10/2020,3.304469274,2,5,12,0.969889639,0.883656195,0.731315348,Columbus St @ 65 Ave
9/24/2020,4.929166667,3,7,14,0.955898187,0.889193318,0.768615378,Columbus St @ 65 Ave
10/8/2020,2.068893528,1,3,10,0.976704112,0.941122378,0.834678729,Columbus St @ 65 Ave
10/22/2020,2.364583333,1,3,9,0.957012235,0.893265542,0.819249339,Columbus St @ 65 Ave
11/5/2020,2.054166667,1,3,9,0.980785384,0.930808532,0.853783069,Columbus St @ 65 Ave
11/19/2020,2.377083333,1,3,9,0.969717262,0.903301918,0.793976521,Columbus St @ 65 Ave
12/3/2020,2.329166667,1,3,9,0.970216601,0.928629299,0.809449405,Columbus St @ 65 Ave
1/7/2021,2.104166667,1,3,9,0.972425595,0.927149471,0.831797288,Columbus St @ 65 Ave
1/21/2021,1.883333333,1,3,10,0.985643188,0.953176257,0.855752315,Columbus St @ 65 Ave
2/4/2021,1.052083333,0,2,6,0.975833333,0.944930556,0.90375,Columbus St @ 65 Ave
5/13/2020,0.45625,0,1,4,0.990277778,0.978472222,0.969097222,Amsterdamn Ave @ 125 st
5/27/2020,1.729166667,1,3,8,0.970396825,0.925997024,0.820203373,Amsterdamn Ave @ 125 st
6/18/2020,1.631027254,0,2,9,0.982032212,0.943449469,0.873849456,Amsterdamn Ave @ 125 st
6/24/2020,1.264583333,0,2,9,0.986678241,0.95556713,0.895138889,Amsterdamn Ave @ 125 st
7/16/2020,0.95625,0,1,5,0.982291667,0.968541667,0.926111111,Amsterdamn Ave @ 125 st
7/30/2020,1.629166667,1,2,7,0.974384921,0.927986111,0.861279762,Amsterdamn Ave @ 125 st
8/13/2020,3.9125,3,5,11,0.970183682,0.856975108,0.611482684,Amsterdamn Ave @ 125 st
8/27/2020,3.254166667,2,4,11,0.955691288,0.848272306,0.62317295,Amsterdamn Ave @ 125 st
9/24/2020,0.604166667,0,1,6,0.992013889,0.969583333,0.937152778,Amsterdamn Ave @ 125 st
10/8/2020,2.237995825,1,3,10,0.971582662,0.897418564,0.750119296,Amsterdamn Ave @ 125 st
10/22/2020,3.5,2,5,11,0.962938763,0.878414502,0.729022607,Amsterdamn Ave @ 125 st
11/5/2020,1.941666667,0,3,11,0.975889701,0.915540224,0.803880321,Amsterdamn Ave @ 125 st
11/19/2020,1.56875,0,3,9,0.984128638,0.949477513,0.861631944,Amsterdamn Ave @ 125 st
12/3/2020,0.18125,0,0,3,1,0.99375,0.99375,Amsterdamn Ave @ 125 st