Date,APD,25P,75P,MPD,Adherence12,Adherence6,Adherence3,Location
5/13/2020,0.9020833333333332,0.0,1.0,7.0,0.9080059523809524,0.9471031746031746,0.984593253968254,Pelham Pkwy W/B @ Boston Rd
5/27/2020,1.0229166666666667,0.0,2.0,6.0,0.8629861111111111,0.9163888888888888,0.9647916666666668,Pelham Pkwy W/B @ Boston Rd
6/18/2020,0.7211740041928721,0.0,1.0,7.0,0.90041928721174,0.933812518718179,0.9656583807527204,Pelham Pkwy W/B @ Boston Rd
6/24/2020,0.6416666666666667,0.0,1.0,4.0,0.9104166666666668,0.9472222222222222,0.9666666666666668,Pelham Pkwy W/B @ Boston Rd
7/16/2020,0.08125,0.0,0.0,3.0,0.9875,0.9923611111111112,0.9972222222222222,Pelham Pkwy W/B @ Boston Rd
7/30/2020,0.7604166666666666,0.0,1.0,7.0,0.9022123015873016,0.9398710317460316,0.966359126984127,Pelham Pkwy W/B @ Boston Rd
8/13/2020,0.81875,0.0,1.0,6.0,0.9136805555555556,0.9555555555555556,0.9776388888888888,Pelham Pkwy W/B @ Boston Rd
8/27/2020,0.46875,0.0,1.0,3.0,0.9465277777777776,0.9631944444444444,0.9847222222222224,Pelham Pkwy W/B @ Boston Rd
9/10/2020,1.025,0.0,2.0,6.0,0.8988888888888888,0.9494444444444444,0.975,Pelham Pkwy W/B @ Boston Rd
9/24/2020,1.28125,0.0,2.0,7.0,0.7987400793650794,0.8875,0.9465178571428572,Pelham Pkwy W/B @ Boston Rd
10/8/2020,0.6179540709812108,0.0,1.0,6.0,0.9235212247738344,0.9497564370215728,0.9691022964509396,Pelham Pkwy W/B @ Boston Rd
10/22/2020,0.86875,0.0,1.0,6.0,0.8959027777777778,0.9472916666666666,0.9736111111111112,Pelham Pkwy W/B @ Boston Rd
11/5/2020,0.1604166666666666,0.0,0.0,5.0,0.9797222222222224,0.9897222222222222,0.9925,Pelham Pkwy W/B @ Boston Rd
11/19/2020,0.2833333333333333,0.0,0.0,5.0,0.9817361111111113,0.9918055555555556,0.9959722222222224,Pelham Pkwy W/B @ Boston Rd
12/3/2020,0.2020833333333333,0.0,0.0,3.0,0.9847222222222224,0.9916666666666668,0.9979166666666668,Pelham Pkwy W/B @ Boston Rd
1/7/2021,0.5166666666666667,0.0,1.0,5.0,0.9522222222222222,0.9676388888888888,0.9784027777777776,Pelham Pkwy W/B @ Boston Rd
1/21/2021,0.7166666666666667,0.0,1.0,5.0,0.9180555555555556,0.9515972222222222,0.9744444444444444,Pelham Pkwy W/B @ Boston Rd
2/4/2021,0.0666666666666666,0.0,0.0,3.0,0.9958333333333332,0.9993055555555556,0.9993055555555556,Pelham Pkwy W/B @ Boston Rd
2/18/2021,0.0770833333333333,0.0,0.0,2.0,0.9916666666666668,0.9958333333333332,0.9958333333333332,Pelham Pkwy W/B @ Boston Rd
5/13/2020,0.5875,0.0,1.0,5.0,0.9609027777777778,0.9838194444444444,0.9963194444444444,E 14 St @ Irving Pl/Lexington Av
5/27/2020,0.8125,0.0,1.0,5.0,0.9421527777777776,0.9706944444444444,0.9790972222222222,E 14 St @ Irving Pl/Lexington Av
6/18/2020,0.8679245283018868,0.0,1.0,5.0,0.9163522012578617,0.9568134171907756,0.9700908455625435,E 14 St @ Irving Pl/Lexington Av
6/24/2020,0.5979166666666667,0.0,1.0,5.0,0.9617361111111112,0.9809722222222222,0.9954861111111112,E 14 St @ Irving Pl/Lexington Av
7/16/2020,0.6333333333333333,0.0,1.0,7.0,0.9488988095238096,0.9635119047619048,0.9805555555555556,E 14 St @ Irving Pl/Lexington Av
7/30/2020,0.89375,0.0,1.0,7.0,0.9290773809523808,0.965873015873016,0.9791666666666666,E 14 St @ Irving Pl/Lexington Av
8/13/2020,0.5583333333333333,0.0,1.0,4.0,0.9503472222222222,0.9802083333333332,0.9888888888888888,E 14 St @ Irving Pl/Lexington Av
8/27/2020,0.7333333333333333,0.0,1.0,5.0,0.9364583333333334,0.9673611111111112,0.9875,E 14 St @ Irving Pl/Lexington Av
9/24/2020,1.1125,0.0,2.0,8.0,0.9001240079365079,0.9504315476190476,0.973814484126984,E 14 St @ Irving Pl/Lexington Av
10/8/2020,0.7411273486430062,0.0,1.0,5.0,0.9592901878914404,0.9842032011134308,0.9951287404314544,E 14 St @ Irving Pl/Lexington Av
10/22/2020,1.1270833333333334,0.0,2.0,9.0,0.9075694444444444,0.9679513888888888,0.981886574074074,E 14 St @ Irving Pl/Lexington Av
11/5/2020,0.79375,0.0,1.0,5.0,0.9378472222222224,0.9620833333333332,0.9907638888888888,E 14 St @ Irving Pl/Lexington Av
11/19/2020,0.8354166666666667,0.0,1.0,7.0,0.913938492063492,0.9693948412698412,0.9927083333333332,E 14 St @ Irving Pl/Lexington Av
12/3/2020,0.8041666666666667,0.0,1.0,5.0,0.9181944444444444,0.9450694444444444,0.9716666666666668,E 14 St @ Irving Pl/Lexington Av
1/7/2021,0.45625,0.0,1.0,4.0,0.9597222222222224,0.9777777777777776,0.9895833333333334,E 14 St @ Irving Pl/Lexington Av
1/21/2021,0.9645833333333332,0.0,2.0,5.0,0.9204861111111112,0.9688194444444445,0.9848611111111112,E 14 St @ Irving Pl/Lexington Av
2/4/2021,0.5729166666666666,0.0,1.0,5.0,0.9429861111111112,0.9650694444444444,0.9798611111111112,E 14 St @ Irving Pl/Lexington Av
2/18/2021,0.2604166666666667,0.0,0.0,4.0,0.984375,0.9927083333333332,0.9958333333333332,E 14 St @ Irving Pl/Lexington Av
5/13/2020,0.3375,0.0,1.0,4.0,0.9538194444444444,0.9819444444444444,0.9954861111111112,Stillwell Ave @ 86 St
5/27/2020,0.6791666666666667,0.0,1.0,7.0,0.91640873015873,0.9619940476190476,0.9866369047619048,Stillwell Ave @ 86 St
6/18/2020,0.8071278825995807,0.0,1.0,6.0,0.8987421383647799,0.9318658280922432,0.9660377358490566,Stillwell Ave @ 86 St
6/24/2020,0.3771428571428571,0.0,1.0,3.0,0.941904761904762,0.9666666666666668,0.9828571428571428,Stillwell Ave @ 86 St
7/16/2020,0.4145833333333333,0.0,1.0,6.0,0.9440277777777778,0.9607638888888888,0.9872916666666668,Stillwell Ave @ 86 St
7/30/2020,0.76875,0.0,1.0,7.0,0.8947222222222222,0.9428670634920636,0.9837896825396826,Stillwell Ave @ 86 St
8/13/2020,0.3229166666666667,0.0,0.0,5.0,0.960625,0.9722916666666668,0.9926388888888888,Stillwell Ave @ 86 St
8/27/2020,0.3145833333333333,0.0,0.0,6.0,0.9692361111111112,0.9738194444444443,0.9899305555555556,Stillwell Ave @ 86 St
9/24/2020,0.9354166666666668,0.0,1.0,6.0,0.87125,0.920625,0.97375,Stillwell Ave @ 86 St
10/8/2020,0.3375,0.0,0.0,4.0,0.9513888888888888,0.9597222222222224,0.9840277777777776,Stillwell Ave @ 86 St
10/22/2020,0.9041666666666668,0.0,1.0,6.0,0.904375,0.9515277777777778,0.9797222222222224,Stillwell Ave @ 86 St
11/5/2020,0.3770833333333333,0.0,0.25,5.0,0.9455555555555556,0.9605555555555556,0.9756944444444444,Stillwell Ave @ 86 St
11/19/2020,0.25625,0.0,0.0,6.0,0.9663194444444444,0.9771527777777778,0.9899305555555556,Stillwell Ave @ 86 St
12/3/2020,0.14375,0.0,0.0,4.0,0.9815972222222222,0.9857638888888888,0.9944444444444444,Stillwell Ave @ 86 St
1/7/2021,0.2541666666666666,0.0,0.0,4.0,0.9538194444444444,0.9666666666666668,0.9819444444444444,Stillwell Ave @ 86 St
1/21/2021,0.68125,0.0,1.0,5.0,0.9115972222222222,0.9465972222222222,0.9685416666666666,Stillwell Ave @ 86 St
2/4/2021,0.05,0.0,0.0,2.0,0.9958333333333332,0.9958333333333332,0.9958333333333332,Stillwell Ave @ 86 St
2/18/2021,0.0166666666666666,0.0,0.0,2.0,0.9979166666666668,0.9979166666666668,0.9979166666666668,Stillwell Ave @ 86 St
5/13/2020,1.6854166666666666,0.0,3.0,8.0,0.833764880952381,0.9236904761904762,0.9699851190476192,Delancy St @ Essex St
5/27/2020,1.8645833333333333,1.0,3.0,10.0,0.8276355820105821,0.9280588624338624,0.970530753968254,Delancy St @ Essex St
6/18/2020,2.077568134171908,1.0,3.0,11.0,0.8133448894455184,0.9113083515599238,0.9693490762673151,Delancy St @ Essex St
6/24/2020,1.5479166666666666,0.0,2.0,11.0,0.8334717712842713,0.9200112734487734,0.97175955988456,Delancy St @ Essex St
7/16/2020,1.8958333333333333,1.0,3.0,11.0,0.7880095598845599,0.8928363997113997,0.960974025974026,Delancy St @ Essex St
7/30/2020,2.160416666666667,1.0,3.0,8.0,0.7891865079365079,0.8956944444444445,0.9620436507936508,Delancy St @ Essex St
8/13/2020,2.345833333333333,1.0,3.25,12.0,0.7995095298220298,0.9033578342953344,0.957369227994228,Delancy St @ Essex St
8/27/2020,1.6520833333333331,0.0,2.0,9.0,0.8384259259259259,0.9235400132275132,0.9706944444444444,Delancy St @ Essex St
9/10/2020,1.9791666666666667,1.0,3.0,13.0,0.8093407865282866,0.9221735093610094,0.9702197802197802,Delancy St @ Essex St
9/24/2020,2.958333333333333,1.0,4.0,14.0,0.7578239353239353,0.8899434477559478,0.955665017852518,Delancy St @ Essex St
10/8/2020,1.3920335429769393,0.0,2.0,8.0,0.8813517021064191,0.9487820704801836,0.9786013776579814,Delancy St @ Essex St
10/22/2020,2.4458333333333333,1.0,3.0,11.0,0.8392544492544493,0.9242715848965848,0.9664141414141414,Delancy St @ Essex St
11/5/2020,1.6291666666666669,0.0,2.0,8.0,0.8790327380952381,0.9493154761904762,0.9782390873015872,Delancy St @ Essex St
11/19/2020,0.6291666666666667,0.0,1.0,7.0,0.9375793650793652,0.9702777777777778,0.988204365079365,Delancy St @ Essex St
12/3/2020,0.4916666666666666,0.0,1.0,6.0,0.9476388888888888,0.9810416666666668,0.9927777777777778,Delancy St @ Essex St
1/7/2021,0.6125,0.0,1.0,4.0,0.9690972222222224,0.9881944444444444,0.99375,Delancy St @ Essex St
1/21/2021,0.4104166666666666,0.0,1.0,4.0,0.9548611111111112,0.9809027777777778,0.9916666666666668,Delancy St @ Essex St
2/4/2021,0.8854166666666666,0.0,1.0,8.0,0.8984275793650793,0.9464037698412698,0.9793849206349208,Delancy St @ Essex St
2/18/2021,1.2333333333333334,0.0,2.0,9.0,0.8587251984126985,0.922559523809524,0.9666369047619048,Delancy St @ Essex St
5/13/2020,1.0,1.0,1.0,1.0,1.0,1.0,1.0,Grand St @ Graham Ave
5/27/2020,1.6520833333333331,1.0,2.0,8.0,0.7686458333333334,0.8978273809523809,0.958953373015873,Grand St @ Graham Ave
6/18/2020,1.2620545073375262,0.0,2.0,7.0,0.8644903663771588,0.9340820604971548,0.968074273734651,Grand St @ Graham Ave
6/24/2020,0.89375,0.0,1.0,6.0,0.9084027777777778,0.9598611111111112,0.9865972222222222,Grand St @ Graham Ave
7/16/2020,1.0375,0.0,2.0,9.0,0.8931712962962963,0.9551851851851852,0.9864004629629628,Grand St @ Graham Ave
7/30/2020,1.3269230769230769,0.0,2.0,7.0,0.8552655677655678,0.9327838827838828,0.9739697802197802,Grand St @ Graham Ave
8/13/2020,0.96875,0.0,2.0,6.0,0.8650694444444444,0.9296527777777778,0.981875,Grand St @ Graham Ave
8/27/2020,0.7791666666666667,0.0,1.0,6.0,0.9230555555555556,0.9520833333333332,0.9719444444444444,Grand St @ Graham Ave
9/24/2020,1.2270833333333333,0.0,2.0,6.0,0.8997222222222222,0.9504861111111113,0.9778472222222222,Grand St @ Graham Ave
10/8/2020,0.8083333333333333,0.0,1.0,5.0,0.9276388888888888,0.970625,0.9872222222222222,Grand St @ Graham Ave
10/22/2020,2.5541666666666667,1.0,4.0,10.0,0.8222652116402116,0.9062979497354496,0.9655324074074074,Grand St @ Graham Ave
11/5/2020,1.4041666666666666,0.0,2.0,7.0,0.877470238095238,0.9309126984126984,0.9649404761904762,Grand St @ Graham Ave
11/19/2020,0.6833333333333333,0.0,1.0,4.0,0.9559027777777778,0.9659722222222222,0.9690972222222224,Grand St @ Graham Ave
12/3/2020,0.4916666666666666,0.0,1.0,4.0,0.975,0.9815972222222222,0.9940972222222222,Grand St @ Graham Ave
1/7/2021,0.8145833333333333,0.0,1.0,5.0,0.9358333333333332,0.9729861111111112,0.9913194444444444,Grand St @ Graham Ave
1/21/2021,1.1541666666666666,0.0,2.0,6.0,0.9166666666666666,0.9630555555555556,0.9860416666666668,Grand St @ Graham Ave
2/4/2021,0.44375,0.0,1.0,4.0,0.9663194444444444,0.9833333333333332,0.9930555555555556,Grand St @ Graham Ave
2/18/2021,0.8791666666666667,0.0,1.0,5.0,0.9322222222222224,0.961875,0.9890972222222222,Grand St @ Graham Ave
5/13/2020,3.244258872651357,1.0,5.0,13.0,0.70945222719753,0.8795375118965933,0.9527200009454708,Kissena Blvd @ Sanford Ave
5/27/2020,3.1104166666666666,2.0,4.0,13.0,0.6834378237503238,0.8703762788137788,0.9535725154475154,Kissena Blvd @ Sanford Ave
6/18/2020,4.578616352201258,3.0,6.0,13.0,0.6584491911535937,0.8586872363601923,0.94497826887764,Kissena Blvd @ Sanford Ave
6/24/2020,3.5791666666666666,2.0,5.0,13.0,0.6613145766270767,0.8444274822399822,0.9379527417027416,Kissena Blvd @ Sanford Ave
7/16/2020,4.160416666666666,2.0,6.0,14.0,0.6348185379435379,0.8605024605024605,0.9478694453694454,Kissena Blvd @ Sanford Ave
7/30/2020,4.416666666666667,3.0,6.0,13.0,0.6785945189070189,0.8620570401820402,0.9467055282680282,Kissena Blvd @ Sanford Ave
8/13/2020,5.395833333333333,3.0,7.0,17.0,0.6854533279900927,0.8739558994246495,0.9592621318632348,Kissena Blvd @ Sanford Ave
8/27/2020,3.94375,2.0,6.0,13.0,0.6981843156843157,0.8880416342916343,0.9589518467643467,Kissena Blvd @ Sanford Ave
9/24/2020,6.245833333333334,4.0,8.0,14.0,0.6004953958078958,0.8510763773263773,0.9568282874532874,Kissena Blvd @ Sanford Ave
10/8/2020,5.468619246861925,3.0,7.0,13.0,0.645260539088991,0.8758022776851229,0.956979004259339,Kissena Blvd @ Sanford Ave
10/22/2020,6.53125,4.0,8.0,15.0,0.6317521598771598,0.8626409470159471,0.9637581053206054,Kissena Blvd @ Sanford Ave
11/5/2020,5.55,4.0,7.0,15.0,0.6180166245791245,0.8596700637325637,0.958457641895142,Kissena Blvd @ Sanford Ave
11/19/2020,1.5520833333333333,0.0,2.0,10.0,0.8167212301587301,0.906185515873016,0.9618501984126984,Kissena Blvd @ Sanford Ave
12/3/2020,1.48125,0.0,2.0,11.0,0.8133805315055316,0.9015617484367484,0.9703589466089466,Kissena Blvd @ Sanford Ave
1/7/2021,2.933333333333333,2.0,4.0,10.0,0.6189814814814814,0.8296924603174602,0.9480224867724868,Kissena Blvd @ Sanford Ave
1/21/2021,4.647916666666666,3.0,6.0,14.0,0.5961126836126835,0.8561778152403152,0.9525901875901877,Kissena Blvd @ Sanford Ave
2/4/2021,3.083333333333333,2.0,4.0,8.0,0.6038888888888889,0.8231547619047619,0.9538492063492064,Kissena Blvd @ Sanford Ave
2/18/2021,1.3125,0.0,2.0,7.0,0.8724603174603175,0.9282936507936508,0.981468253968254,Kissena Blvd @ Sanford Ave
5/13/2020,1.2955665024630545,0.0,2.0,8.0,0.9053893971381656,0.9632887637813746,0.984060520760028,Malcom X Blvd @ 145 St
5/27/2020,2.3270833333333334,1.0,3.0,8.0,0.8458779761904762,0.9212351190476192,0.9710863095238096,Malcom X Blvd @ 145 St
6/18/2020,2.769392033542977,1.0,4.0,10.0,0.8226498286246714,0.921318758111211,0.9710658547136536,Malcom X Blvd @ 145 St
6/24/2020,1.7145833333333331,1.0,3.0,8.0,0.8585813492063492,0.9367212301587302,0.9770882936507936,Malcom X Blvd @ 145 St
7/16/2020,1.9229166666666664,1.0,3.0,11.0,0.8292852633477633,0.9033125901875902,0.9649607683982684,Malcom X Blvd @ 145 St
7/30/2020,2.363380281690141,1.0,3.0,9.0,0.8544533869885983,0.9464408674267828,0.981797451374916,Malcom X Blvd @ 145 St
8/13/2020,2.6103151862464182,1.0,4.0,9.0,0.8640310183290126,0.9469732114431256,0.982487378905717,Malcom X Blvd @ 145 St
8/27/2020,1.4041666666666666,0.0,2.0,7.0,0.8404464285714286,0.9318849206349208,0.969970238095238,Malcom X Blvd @ 145 St
9/24/2020,3.2020833333333334,2.0,5.0,10.0,0.8224388227513227,0.9273082010582012,0.9751372354497354,Malcom X Blvd @ 145 St
10/8/2020,1.129973474801061,0.0,2.0,8.0,0.8958759631173424,0.9444991789819376,0.9865163572060124,Malcom X Blvd @ 145 St
10/22/2020,2.75625,1.0,4.0,10.0,0.8165261243386244,0.9236276455026456,0.9796312830687832,Malcom X Blvd @ 145 St
11/5/2020,0.78125,0.0,1.0,7.0,0.9137797619047618,0.9526388888888888,0.9825892857142856,Malcom X Blvd @ 145 St
1/7/2021,0.4416666666666666,0.0,0.0,7.0,0.9623511904761904,0.976438492063492,0.995109126984127,Malcom X Blvd @ 145 St
1/21/2021,0.6416666666666667,0.0,1.0,5.0,0.9602777777777778,0.9772222222222222,0.9897222222222222,Malcom X Blvd @ 145 St
2/4/2021,0.2875,0.0,0.0,4.0,0.965625,0.9857638888888888,0.9947916666666666,Malcom X Blvd @ 145 St
2/18/2021,1.2416666666666667,0.0,2.0,7.0,0.8857142857142857,0.9507539682539684,0.976468253968254,Malcom X Blvd @ 145 St
4/2/2020,2.083333333333333,1.0,3.0,8.0,0.8650198412698412,0.942921626984127,0.9803670634920636,Broadway @ 51st
4/15/2020,1.4902912621359223,0.0,2.0,8.0,0.8839459084604716,0.941990291262136,0.9731796116504854,Broadway @ 51st
5/13/2020,1.1916666666666669,0.0,2.0,6.0,0.9196527777777778,0.9575,0.98,Broadway @ 51st
5/27/2020,1.7666666666666666,1.0,3.0,8.0,0.9064484126984128,0.9727728174603174,0.9899305555555556,Broadway @ 51st
6/18/2020,2.2872117400419287,1.0,3.0,7.0,0.915204152940002,0.9731855845063392,0.9885195168214036,Broadway @ 51st
6/24/2020,1.7640918580375784,1.0,3.0,8.0,0.930181926632866,0.9638184710209764,0.9862610597474898,Broadway @ 51st
7/16/2020,2.53125,1.0,4.0,9.0,0.8431580687830688,0.9249685846560848,0.9706613756613756,Broadway @ 51st
7/30/2020,2.5541666666666667,1.0,3.0,8.0,0.8377926587301587,0.939265873015873,0.9868402777777778,Broadway @ 51st
8/13/2020,3.0,2.0,4.0,10.0,0.855545634920635,0.9231001984126984,0.978900462962963,Broadway @ 51st
8/27/2020,2.2958333333333334,1.0,3.0,8.0,0.8504563492063493,0.949751984126984,0.9864285714285714,Broadway @ 51st
9/10/2020,2.129166666666667,1.0,3.0,10.0,0.877718253968254,0.9466054894179894,0.9756597222222222,Broadway @ 51st
9/24/2020,3.660416666666667,2.0,5.0,12.0,0.8233082311207311,0.9289257154882156,0.9761371151996152,Broadway @ 51st
10/8/2020,3.2104166666666667,2.0,5.0,12.0,0.8585469276094276,0.94943753006253,0.9812977994227994,Broadway @ 51st
10/22/2020,4.089583333333334,2.0,6.0,14.0,0.8554836945461946,0.939995744995745,0.9770730195730196,Broadway @ 51st
11/5/2020,3.154166666666667,1.0,5.0,14.0,0.7300405728530728,0.8676786986161986,0.954563492063492,Broadway @ 51st
11/19/2020,2.120833333333333,1.0,3.0,8.0,0.7732886904761904,0.909375,0.9706200396825396,Broadway @ 51st
12/3/2020,1.7291666666666667,0.0,2.0,10.0,0.8261474867724867,0.9050744047619048,0.9687301587301588,Broadway @ 51st
1/7/2021,2.2895833333333333,1.0,4.0,9.0,0.8643287037037037,0.9431878306878309,0.966276455026455,Broadway @ 51st
1/21/2021,2.7625,1.0,4.0,11.0,0.8500321669071669,0.9324361171236172,0.9735219757094756,Broadway @ 51st
2/4/2021,1.9145833333333333,1.0,3.0,8.0,0.8392460317460317,0.9200099206349206,0.9781299603174604,Broadway @ 51st
2/18/2021,0.9041666666666668,0.0,1.0,6.0,0.9263194444444444,0.9524305555555556,0.9845833333333334,Broadway @ 51st
5/13/2020,0.1098591549295774,0.0,0.0,3.0,0.9859154929577464,0.9896713615023476,0.9906103286384976,Van Dam St @ 48 Ave
5/27/2020,0.3854166666666667,0.0,1.0,4.0,0.9815972222222222,0.9947916666666666,0.9975694444444444,Van Dam St @ 48 Ave
6/18/2020,0.2788259958071278,0.0,0.0,3.0,0.9804332634521312,0.986722571628232,0.9958071278825996,Van Dam St @ 48 Ave
6/24/2020,0.1333333333333333,0.0,0.0,3.0,0.9895833333333334,0.9895833333333334,0.9930555555555556,Van Dam St @ 48 Ave
7/16/2020,0.1875,0.0,0.0,3.0,0.9826388888888888,0.9888888888888888,0.9909722222222224,Van Dam St @ 48 Ave
7/30/2020,0.1885714285714285,0.0,0.0,3.0,0.9904761904761904,0.9961904761904762,1.0,Van Dam St @ 48 Ave
8/13/2020,0.3395833333333333,0.0,1.0,3.0,0.9680555555555556,0.9784722222222222,1.0,Van Dam St @ 48 Ave
8/27/2020,0.3041666666666666,0.0,0.0,4.0,0.9746527777777778,0.9788194444444444,0.984375,Van Dam St @ 48 Ave
9/24/2020,0.2520833333333333,0.0,0.0,4.0,0.9729166666666668,0.978125,0.9892361111111112,Van Dam St @ 48 Ave
10/8/2020,0.2520833333333333,0.0,0.0,3.0,0.9791666666666666,0.9944444444444444,0.9951388888888888,Van Dam St @ 48 Ave
10/22/2020,0.1770833333333333,0.0,0.0,3.0,0.9770833333333332,0.9826388888888888,0.9861111111111112,Van Dam St @ 48 Ave
11/5/2020,0.15,0.0,0.0,3.0,0.9854166666666668,0.9895833333333334,0.9965277777777778,Van Dam St @ 48 Ave
5/13/2020,1.23125,0.0,2.0,6.0,0.8420138888888888,0.895625,0.9361805555555556,5 Ave @ 86 St
5/27/2020,1.4541666666666666,0.0,2.0,8.0,0.8268948412698413,0.8985615079365079,0.9331845238095238,5 Ave @ 86 St
6/18/2020,1.771488469601677,1.0,3.0,10.0,0.776516588466274,0.8727496589131809,0.9246248044990184,5 Ave @ 86 St
6/24/2020,0.90625,0.0,1.0,6.0,0.89,0.9255555555555556,0.9540972222222224,5 Ave @ 86 St
7/16/2020,1.0416666666666667,0.0,2.0,5.0,0.8713194444444444,0.9347916666666668,0.9684027777777778,5 Ave @ 86 St
7/30/2020,1.0354166666666669,0.0,2.0,6.0,0.8711111111111112,0.9214583333333334,0.9486111111111112,5 Ave @ 86 St
8/13/2020,1.1291666666666669,0.0,2.0,6.0,0.8440972222222222,0.9134722222222222,0.9602083333333332,5 Ave @ 86 St
8/27/2020,1.1666666666666667,0.0,2.0,6.0,0.8372916666666667,0.9070833333333334,0.9458333333333332,5 Ave @ 86 St
9/10/2020,1.6208333333333331,0.0,2.0,8.0,0.7726537698412699,0.8598065476190476,0.925843253968254,5 Ave @ 86 St
9/24/2020,2.925,1.0,4.0,9.0,0.7030505952380952,0.8371412037037037,0.9200909391534392,5 Ave @ 86 St
10/8/2020,2.142857142857143,1.0,3.0,10.0,0.7490112711751367,0.857766439909297,0.9298552754435108,5 Ave @ 86 St
10/22/2020,3.1416666666666666,2.0,4.0,9.0,0.6920023148148148,0.828151455026455,0.917718253968254,5 Ave @ 86 St
11/5/2020,3.0479166666666666,1.0,4.0,13.0,0.6889969983719983,0.8397624135124135,0.9324080433455432,5 Ave @ 86 St
11/19/2020,0.96875,0.0,2.0,7.0,0.8289682539682539,0.8910119047619047,0.9493551587301589,5 Ave @ 86 St
12/3/2020,0.68125,0.0,1.0,5.0,0.8959722222222222,0.9388194444444444,0.9607638888888888,5 Ave @ 86 St
1/7/2021,1.6291666666666669,0.0,2.0,10.0,0.7128306878306878,0.8121048280423281,0.8971428571428571,5 Ave @ 86 St
1/21/2021,1.8104166666666663,1.0,3.0,8.0,0.6937450396825396,0.8230208333333333,0.904250992063492,5 Ave @ 86 St
2/4/2021,1.3,0.0,2.0,6.0,0.7667361111111111,0.8702777777777777,0.9389583333333332,5 Ave @ 86 St
2/18/2021,1.0583333333333331,0.0,2.0,7.0,0.8477876984126984,0.9041964285714286,0.944563492063492,5 Ave @ 86 St
5/13/2020,0.8916666666666667,0.0,1.0,7.0,0.8816468253968254,0.9397619047619048,0.9833630952380952,Beach Channel Dr @B Mott Ave
5/27/2020,1.1229166666666666,0.0,2.0,6.0,0.8590277777777778,0.9098611111111112,0.9628472222222222,Beach Channel Dr @B Mott Ave
6/18/2020,1.3333333333333333,0.0,2.0,8.0,0.8298642308076271,0.8929869222322052,0.9626584805830088,Beach Channel Dr @B Mott Ave
6/24/2020,0.925,0.0,1.0,7.0,0.8641170634920634,0.9331051587301588,0.9743154761904762,Beach Channel Dr @B Mott Ave
7/16/2020,0.9895833333333334,0.0,2.0,6.0,0.8317361111111111,0.8836805555555556,0.9565277777777778,Beach Channel Dr @B Mott Ave
7/30/2020,1.8354166666666667,1.0,3.0,7.0,0.8522222222222222,0.9343253968253968,0.979186507936508,Beach Channel Dr @B Mott Ave
8/13/2020,0.9125,0.0,2.0,6.0,0.845,0.9014583333333334,0.9852777777777778,Beach Channel Dr @B Mott Ave
8/27/2020,0.70625,0.0,1.0,5.0,0.8802083333333334,0.9165277777777778,0.98,Beach Channel Dr @B Mott Ave
9/24/2020,1.3229166666666667,0.0,2.0,6.0,0.8563888888888889,0.9171527777777778,0.9840972222222222,Beach Channel Dr @B Mott Ave
10/8/2020,0.7609195402298851,0.0,1.0,5.0,0.8495785440613026,0.8986973180076628,0.9708812260536398,Beach Channel Dr @B Mott Ave
10/22/2020,1.3262032085561497,0.0,2.0,7.0,0.8523936847466259,0.9085052202699262,0.964795008912656,Beach Channel Dr @B Mott Ave
11/5/2020,0.7020833333333333,0.0,1.0,6.0,0.8586805555555556,0.9101388888888888,0.978125,Beach Channel Dr @B Mott Ave
11/19/2020,0.2395833333333333,0.0,0.0,4.0,0.9756944444444444,0.9875,0.9979166666666668,Beach Channel Dr @B Mott Ave
12/3/2020,0.2390350877192982,0.0,0.0,4.0,0.9619883040935672,0.9755116959064328,0.9912280701754386,Beach Channel Dr @B Mott Ave
1/7/2021,0.30625,0.0,0.0,4.0,0.95,0.9670138888888888,0.9888888888888888,Beach Channel Dr @B Mott Ave
1/21/2021,0.86875,0.0,1.0,6.0,0.8846527777777777,0.9250694444444444,0.9859722222222222,Beach Channel Dr @B Mott Ave
2/4/2021,0.3145833333333333,0.0,0.0,8.0,0.964250992063492,0.9733234126984128,0.9922916666666668,Beach Channel Dr @B Mott Ave
2/18/2021,0.6625,0.0,1.0,5.0,0.9084027777777778,0.9478472222222222,0.9878472222222222,Beach Channel Dr @B Mott Ave
5/13/2020,2.5104166666666665,1.0,4.0,8.0,0.8666121031746031,0.9299900793650794,0.9707142857142858,Boston Rd. @ E 169 St
5/27/2020,2.497916666666667,1.0,3.0,9.0,0.8478306878306878,0.9378935185185184,0.9656613756613756,Boston Rd. @ E 169 St
6/18/2020,2.2849315068493152,1.0,3.0,9.0,0.8797129810828441,0.9376668841052402,0.9790671885192432,Boston Rd. @ E 169 St
6/24/2020,1.9666666666666663,1.0,3.0,9.0,0.8857738095238095,0.93801917989418,0.9770502645502646,Boston Rd. @ E 169 St
7/16/2020,1.9979166666666663,1.0,3.0,8.0,0.8971329365079366,0.9418353174603176,0.9796676587301588,Boston Rd. @ E 169 St
7/30/2020,2.0541666666666667,1.0,3.0,11.0,0.9096896043771044,0.9490766293891294,0.9839439033189034,Boston Rd. @ E 169 St
8/13/2020,2.8041666666666667,1.0,4.0,12.0,0.8117565536315536,0.8939729136604136,0.9600611772486772,Boston Rd. @ E 169 St
8/27/2020,2.9604166666666667,1.0,4.0,16.0,0.8223850108225108,0.9210911946849448,0.9648280423280424,Boston Rd. @ E 169 St
9/24/2020,3.5375,2.0,5.0,13.0,0.7698932664557665,0.8890454915454915,0.9608195970695972,Boston Rd. @ E 169 St
10/8/2020,1.4729166666666669,0.0,2.0,8.0,0.8772470238095238,0.946279761904762,0.9764732142857144,Boston Rd. @ E 169 St
10/22/2020,3.702083333333333,2.0,5.0,13.0,0.7305691068191068,0.8845131373256373,0.960397206959707,Boston Rd. @ E 169 St
11/5/2020,1.3291666666666666,0.0,2.0,8.0,0.8857787698412698,0.9551438492063492,0.982078373015873,Boston Rd. @ E 169 St
11/19/2020,1.1520833333333331,0.0,2.0,8.0,0.85625,0.9278025793650794,0.9784027777777776,Boston Rd. @ E 169 St
12/3/2020,1.2895833333333333,0.0,2.0,10.0,0.8891054894179894,0.9393287037037036,0.980500992063492,Boston Rd. @ E 169 St
1/7/2021,1.1583333333333334,0.0,2.0,8.0,0.8952777777777778,0.95609623015873,0.989657738095238,Boston Rd. @ E 169 St
1/21/2021,2.964583333333333,1.0,4.0,11.0,0.7235460257335258,0.8563051647426647,0.95909617003367,Boston Rd. @ E 169 St
2/4/2021,0.4104166666666666,0.0,1.0,4.0,0.9319444444444444,0.9770833333333332,0.9902777777777778,Boston Rd. @ E 169 St
2/18/2021,0.8791666666666667,0.0,1.0,6.0,0.8638888888888889,0.92375,0.9740277777777778,Boston Rd. @ E 169 St
5/13/2020,4.875,3.0,6.0,11.0,0.5626593314093313,0.8063041125541126,0.9458145442520444,St Nicolas Ave @ 181 St
5/27/2020,6.991666666666666,5.0,9.0,15.0,0.580864713989714,0.827115268990269,0.9551527523402524,St Nicolas Ave @ 181 St
6/18/2020,6.654088050314465,5.0,8.0,15.0,0.6098920064328869,0.8555761499157726,0.967233604969454,St Nicolas Ave @ 181 St
6/24/2020,3.91875,2.0,5.0,14.0,0.6867087657712658,0.8680998168498169,0.9685620166870168,St Nicolas Ave @ 181 St
7/16/2020,4.383333333333334,3.0,6.0,13.0,0.6028823144448144,0.8254496891996892,0.9627450905575906,St Nicolas Ave @ 181 St
7/30/2020,5.6125,4.0,8.0,14.0,0.6054804223554224,0.8532932345432346,0.972344622969623,St Nicolas Ave @ 181 St
8/13/2020,6.335416666666666,4.0,8.0,14.0,0.5755006567506566,0.8516159419284419,0.9660772213897214,St Nicolas Ave @ 181 St
8/27/2020,5.814583333333333,4.0,7.0,17.0,0.5824765036162095,0.8443987024685554,0.9645753422775482,St Nicolas Ave @ 181 St
9/10/2020,5.258333333333334,3.0,7.0,15.0,0.6012065596440597,0.8481823384948385,0.9672540306915308,St Nicolas Ave @ 181 St
9/24/2020,5.852083333333334,4.0,8.0,14.0,0.6476064329189329,0.8638207394457394,0.966911421911422,St Nicolas Ave @ 181 St
10/8/2020,2.240083507306889,0.0,3.0,11.0,0.7327547771180338,0.8782914139907877,0.9708823999011892,St Nicolas Ave @ 181 St
10/22/2020,5.533333333333333,4.0,7.0,15.0,0.5482288082288083,0.8260335613460613,0.9631515822140824,St Nicolas Ave @ 181 St
11/5/2020,2.34375,0.0,4.0,11.0,0.7194040103415104,0.8808375420875421,0.9707741101491102,St Nicolas Ave @ 181 St
11/19/2020,2.75625,1.0,4.0,12.0,0.701354316979317,0.8688140331890332,0.9649834656084656,St Nicolas Ave @ 181 St
12/3/2020,3.339583333333333,1.0,5.0,14.0,0.630485082047582,0.8555579605579605,0.968127798127798,St Nicolas Ave @ 181 St
1/7/2021,2.29375,0.0,4.0,10.0,0.705067791005291,0.8692576058201058,0.9760896164021164,St Nicolas Ave @ 181 St
1/21/2021,3.2354166666666666,1.0,5.0,12.0,0.6089109848484848,0.836819234006734,0.9643323112073112,St Nicolas Ave @ 181 St
2/4/2021,2.283333333333333,1.0,3.0,11.0,0.7545959595959596,0.8818244949494949,0.957827380952381,St Nicolas Ave @ 181 St
2/18/2021,3.466666666666667,2.0,5.0,9.0,0.7509722222222223,0.8873991402116402,0.9624156746031746,St Nicolas Ave @ 181 St
5/13/2020,3.8625,2.0,5.0,10.0,0.6335267857142857,0.8400099206349206,0.9558300264550263,St Nicholas Ave @ 125 St
5/27/2020,4.6375,3.0,6.0,12.0,0.6897387566137566,0.8708007154882155,0.9662103174603176,St Nicholas Ave @ 125 St
6/18/2020,5.289308176100629,4.0,7.0,14.0,0.6503429833618513,0.8433571902125361,0.9600658833363236,St Nicholas Ave @ 125 St
6/24/2020,4.675,3.0,6.0,13.0,0.6415027449402448,0.8396646756021756,0.9597291134791136,St Nicholas Ave @ 125 St
7/16/2020,5.285416666666666,3.0,7.0,16.0,0.6807136844636845,0.8646952411014911,0.9648939544252044,St Nicholas Ave @ 125 St
8/13/2020,8.5625,6.0,11.0,17.0,0.7340927312067018,0.8985897959611195,0.9716697609988052,St Nicholas Ave @ 125 St
8/27/2020,6.25,4.0,8.0,15.0,0.6946998718873718,0.86132474007474,0.9608177586302586,St Nicholas Ave @ 125 St
9/24/2020,6.875,5.0,8.0,16.0,0.6809548611111111,0.867084610990861,0.9614159046971548,St Nicholas Ave @ 125 St
10/8/2020,3.08125,1.0,5.0,13.0,0.7482675888925889,0.8874755221630222,0.97133436008436,St Nicholas Ave @ 125 St
10/22/2020,7.989583333333333,6.0,10.0,17.0,0.7136772269125211,0.8835358823502206,0.9660289795308178,St Nicholas Ave @ 125 St
11/5/2020,3.714583333333333,1.0,6.0,12.0,0.7460873617123618,0.8857730579605579,0.9714772727272728,St Nicholas Ave @ 125 St
11/19/2020,6.535416666666666,5.0,8.0,15.0,0.6988234797609798,0.8891073394198394,0.9699154664779664,St Nicholas Ave @ 125 St
12/3/2020,5.9125,4.0,8.0,15.0,0.6987689740814741,0.8835281732156732,0.9712466468716467,St Nicholas Ave @ 125 St
1/7/2021,5.033333333333333,3.0,7.0,17.0,0.7456654987169693,0.8920708859495624,0.9681403335907012,St Nicholas Ave @ 125 St
1/21/2021,4.922916666666667,3.0,7.0,14.0,0.6986829143079143,0.87251739001739,0.9635293294668296,St Nicholas Ave @ 125 St
2/4/2021,0.8791666666666667,0.0,1.0,6.0,0.919375,0.9520138888888888,0.9722916666666668,St Nicholas Ave @ 125 St
2/18/2021,0.8854166666666666,0.0,1.0,6.0,0.8952083333333334,0.9279861111111112,0.9886805555555556,St Nicholas Ave @ 125 St
4/15/2020,1.9130434782608696,1.0,3.0,7.0,0.853394355453852,0.9254113544731394,0.9692492099814756,3 Ave @ 156 St
5/13/2020,1.5083333333333333,1.0,2.0,6.0,0.8772222222222222,0.9318055555555556,0.9772222222222222,3 Ave @ 156 St
5/27/2020,2.3041666666666667,1.0,3.0,9.0,0.817217261904762,0.9191931216931216,0.9603323412698412,3 Ave @ 156 St
6/18/2020,3.4549266247379453,2.0,5.0,13.0,0.7873954487162035,0.8862858082983869,0.9510798309540448,3 Ave @ 156 St
6/24/2020,2.075,1.0,3.0,8.0,0.7989632936507937,0.8934375,0.9620734126984128,3 Ave @ 156 St
7/16/2020,2.310416666666667,1.0,3.0,9.0,0.824823082010582,0.9108630952380952,0.9606001984126984,3 Ave @ 156 St
7/30/2020,2.85,1.0,4.0,10.0,0.8080539021164022,0.8968055555555555,0.9508713624338624,3 Ave @ 156 St
8/13/2020,3.279166666666667,2.0,4.0,11.0,0.7837022005772005,0.8818417809042809,0.9482859848484848,3 Ave @ 156 St
8/27/2020,2.0416666666666665,1.0,3.0,7.0,0.8370734126984127,0.9083035714285714,0.960922619047619,3 Ave @ 156 St
9/10/2020,2.90625,1.0,4.0,13.0,0.8075265822140822,0.9034413156288156,0.9687870115995116,3 Ave @ 156 St
9/24/2020,3.4770833333333333,2.0,5.0,10.0,0.7678058862433863,0.8865079365079365,0.9571610449735448,3 Ave @ 156 St
10/8/2020,0.9267782426778244,0.0,2.0,5.0,0.8058577405857741,0.8311715481171549,0.955857740585774,3 Ave @ 156 St
10/22/2020,2.11875,1.0,3.0,6.0,0.6396527777777778,0.6994444444444445,0.9845833333333334,3 Ave @ 156 St
11/5/2020,0.8166666666666667,0.0,1.0,5.0,0.9009722222222224,0.9225,0.965625,3 Ave @ 156 St
11/19/2020,0.3541666666666667,0.0,1.0,6.0,0.9629166666666666,0.9744444444444444,0.9908333333333332,3 Ave @ 156 St
12/3/2020,2.6395833333333334,1.0,4.0,10.0,0.7499123677248678,0.870787037037037,0.9577579365079364,3 Ave @ 156 St
1/7/2021,1.0416666666666667,0.0,2.0,8.0,0.8977777777777778,0.9395436507936508,0.9826140873015872,3 Ave @ 156 St
1/21/2021,1.15,0.0,2.0,7.0,0.8812301587301588,0.9383829365079364,0.9766765873015874,3 Ave @ 156 St
2/4/2021,0.2479166666666666,0.0,0.0,3.0,0.9847222222222224,0.9895833333333334,0.9916666666666668,3 Ave @ 156 St
2/18/2021,0.58125,0.0,1.0,4.0,0.9378472222222224,0.9607638888888888,0.98125,3 Ave @ 156 St
4/2/2020,4.0875,2.75,5.0,12.0,0.7306123737373738,0.8866238275613276,0.9607130832130832,8 Ave @ 57 St
4/15/2020,3.375314861460957,2.0,5.0,16.0,0.7099826076526328,0.8647455119747312,0.9420095158130424,8 Ave @ 57 St
5/13/2020,3.0229166666666667,2.0,4.0,11.0,0.6665010221260221,0.872708633958634,0.9552152477152476,8 Ave @ 57 St
5/27/2020,5.577083333333333,4.0,7.0,13.0,0.6715080290080291,0.8703464706589706,0.957889436951937,8 Ave @ 57 St
6/18/2020,3.884696016771489,2.0,5.0,11.0,0.7644933915374167,0.8989855125075251,0.961920038964064,8 Ave @ 57 St
6/24/2020,6.841666666666667,4.0,9.0,19.0,0.6699806450536907,0.8670439795197922,0.9628005639799372,8 Ave @ 57 St
7/16/2020,4.195833333333334,2.0,6.0,15.0,0.7156430143930144,0.8596876387501388,0.9621768278018278,8 Ave @ 57 St
7/30/2020,4.43125,3.0,6.0,12.0,0.7230842652717653,0.8657187950937951,0.95790389009139,8 Ave @ 57 St
8/13/2020,6.616666666666666,5.0,8.0,19.0,0.7243550756626415,0.871486153344706,0.9587709515752278,8 Ave @ 57 St
8/27/2020,4.866666666666666,3.0,6.25,15.0,0.6942650405150406,0.8505604118104118,0.9490828731453732,8 Ave @ 57 St
9/10/2020,5.95625,4.0,8.0,17.0,0.7070804008763567,0.8600983493630553,0.9612462999963,8 Ave @ 57 St
9/24/2020,9.48125,7.0,12.0,20.0,0.7416585222733636,0.881943089661743,0.962380037600142,8 Ave @ 57 St
10/8/2020,1.99375,0.0,3.0,12.0,0.8210410654160654,0.923737524050024,0.9704395141895142,8 Ave @ 57 St
10/22/2020,8.904166666666667,7.0,11.0,20.0,0.6488564363912661,0.8686536264840251,0.9676418793911054,8 Ave @ 57 St
11/5/2020,4.464583333333334,3.0,6.0,13.0,0.5950053996928997,0.7937452015577016,0.9283068783068784,8 Ave @ 57 St
11/19/2020,4.358333333333333,3.0,6.0,12.0,0.6036159211159211,0.7894179894179894,0.9344943482443482,8 Ave @ 57 St
12/3/2020,1.5729166666666667,0.0,2.0,8.0,0.7884375,0.8944295634920635,0.955610119047619,8 Ave @ 57 St
1/7/2021,2.066666666666667,1.0,3.0,9.0,0.8429100529100529,0.9264781746031746,0.9641617063492064,8 Ave @ 57 St
1/21/2021,1.6854166666666666,1.0,3.0,9.0,0.8348759920634921,0.9291633597883596,0.968859126984127,8 Ave @ 57 St
2/4/2021,0.6583333333333333,0.0,1.0,6.0,0.9310416666666668,0.9657638888888888,0.9795833333333334,8 Ave @ 57 St
2/18/2021,0.8270833333333333,0.0,1.0,8.0,0.9453720238095238,0.9751140873015872,0.9863839285714284,8 Ave @ 57 St
4/15/2020,1.3989574979951884,0.0,2.0,10.0,0.8428122732653607,0.9255489364952076,0.9743651430098904,2 Ave @ 23St
5/13/2020,1.462660646057659,0.0,2.0,11.0,0.836720903271789,0.9374886411878424,0.9796283932963336,2 Ave @ 23St
5/27/2020,1.5791666666666666,0.0,3.0,12.0,0.8304100529100529,0.9309520051707552,0.9804028629549464,2 Ave @ 23St
6/18/2020,1.445950643030935,0.0,2.0,13.0,0.8525814817785621,0.941020251134954,0.9821023586925568,2 Ave @ 23St
6/24/2020,1.2302083333333331,0.0,2.0,10.0,0.8679927248677248,0.9472258046737212,0.9895965608465608,2 Ave @ 23St
8/13/2020,1.322098679638638,0.0,2.0,11.0,0.8897483220971755,0.950348441227524,0.9860733564173452,2 Ave @ 23St
8/27/2020,1.2399305555555555,0.0,2.0,10.0,0.8850958994708995,0.9498881172839506,0.983876488095238,2 Ave @ 23St
9/10/2020,1.0691099476439792,0.0,2.0,10.0,0.908229590847392,0.956871935510679,0.985902379567301,2 Ave @ 23St
9/24/2020,2.0809027777777778,0.0,3.0,13.0,0.8385357061919562,0.9262109957943292,0.9801053248449082,2 Ave @ 23St
11/5/2020,4.779166666666667,3.0,6.0,14.0,0.5588166347541348,0.8007557141932142,0.9432208994708996,2 Ave @ 23St
11/19/2020,1.5083333333333333,0.0,2.0,9.0,0.7872222222222223,0.8892195767195767,0.9499834656084656,2 Ave @ 23St
12/3/2020,1.7229166666666669,0.0,3.0,8.0,0.817797619047619,0.920813492063492,0.9691319444444444,2 Ave @ 23St
1/7/2021,2.9854166666666666,1.0,4.0,12.0,0.6863924963924963,0.8486658249158249,0.9508265692640692,2 Ave @ 23St
1/21/2021,3.066666666666667,1.0,4.0,12.0,0.6921700637325638,0.8422655122655123,0.9527233645983646,2 Ave @ 23St
2/4/2021,1.7166666666666666,0.0,2.0,12.0,0.8437103174603174,0.9341388588263588,0.9908892496392496,2 Ave @ 23St
2/18/2021,0.8708333333333333,0.0,1.0,6.0,0.9177083333333332,0.9632638888888888,0.9874305555555556,2 Ave @ 23St
5/13/2020,0.45625,0.0,1.0,4.0,0.9690972222222222,0.9784722222222222,0.9902777777777778,Amsterdamn Ave @ 125 st
5/27/2020,1.7291666666666667,1.0,3.0,8.0,0.820203373015873,0.925997023809524,0.9703968253968254,Amsterdamn Ave @ 125 st
6/18/2020,1.631027253668763,0.0,2.0,9.0,0.8738494559249277,0.9434494692356328,0.9820322119064258,Amsterdamn Ave @ 125 st
6/24/2020,1.2645833333333334,0.0,2.0,9.0,0.8951388888888889,0.9555671296296296,0.9866782407407408,Amsterdamn Ave @ 125 st
7/16/2020,0.95625,0.0,1.0,5.0,0.9261111111111112,0.9685416666666666,0.9822916666666668,Amsterdamn Ave @ 125 st
7/30/2020,1.6291666666666669,1.0,2.0,7.0,0.8612797619047619,0.9279861111111112,0.9743849206349208,Amsterdamn Ave @ 125 st
8/13/2020,3.9125,3.0,5.0,11.0,0.611482683982684,0.8569751082251083,0.970183682058682,Amsterdamn Ave @ 125 st
8/27/2020,3.254166666666667,2.0,4.0,11.0,0.6231729497354497,0.8482723063973063,0.955691287878788,Amsterdamn Ave @ 125 st
9/24/2020,0.6041666666666666,0.0,1.0,6.0,0.9371527777777776,0.9695833333333334,0.9920138888888888,Amsterdamn Ave @ 125 st
10/8/2020,2.2379958246346554,1.0,3.0,10.0,0.7501192961526991,0.8974185638068728,0.9715826622924744,Amsterdamn Ave @ 125 st
10/22/2020,3.5,2.0,5.0,11.0,0.729210107022607,0.8784145021645022,0.9629387626262628,Amsterdamn Ave @ 125 st
11/5/2020,1.9416666666666669,0.0,3.0,11.0,0.803880321067821,0.9155402236652236,0.9758897005772006,Amsterdamn Ave @ 125 st
11/19/2020,1.56875,0.0,3.0,9.0,0.8616319444444445,0.9494775132275132,0.9841286375661376,Amsterdamn Ave @ 125 st
12/3/2020,0.18125,0.0,0.0,3.0,0.99375,0.99375,1.0,Amsterdamn Ave @ 125 st
5/13/2020,2.3583333333333334,1.0,3.0,10.0,0.6959424603174603,0.8676537698412699,0.9640459656084656,7 Ave @ 145 St
5/27/2020,1.9833333333333332,1.0,3.0,9.0,0.710489417989418,0.9004546957671957,0.971574074074074,7 Ave @ 145 St
6/18/2020,3.750524109014675,2.0,5.0,10.0,0.7350986656018103,0.8713603540647565,0.9689361418921169,7 Ave @ 145 St
6/24/2020,1.88125,1.0,3.0,7.0,0.7730654761904763,0.8920238095238096,0.9633730158730158,7 Ave @ 145 St
7/16/2020,2.002083333333333,1.0,3.0,9.0,0.7570601851851853,0.8766021825396826,0.9595651455026456,7 Ave @ 145 St
7/30/2020,2.339583333333333,1.0,3.0,8.0,0.7227678571428572,0.8768601190476191,0.9654464285714286,7 Ave @ 145 St
8/13/2020,1.9125,1.0,3.0,8.0,0.7437847222222222,0.9064880952380951,0.9748462301587302,7 Ave @ 145 St
8/27/2020,1.8166666666666669,1.0,3.0,9.0,0.8022238756613757,0.9156712962962964,0.9740178571428572,7 Ave @ 145 St
9/10/2020,2.21875,1.0,3.0,8.0,0.6842559523809524,0.8674404761904762,0.9691220238095238,7 Ave @ 145 St
9/24/2020,2.029166666666667,1.0,3.0,8.0,0.8178174603174604,0.9111954365079366,0.9727281746031746,7 Ave @ 145 St
10/8/2020,1.4780793319415448,0.0,2.0,12.0,0.811790436425092,0.91731692107475,0.9784715632314798,7 Ave @ 145 St
10/22/2020,2.535416666666667,1.0,4.0,8.0,0.7093601190476191,0.8779861111111111,0.948422619047619,7 Ave @ 145 St
11/5/2020,1.7541666666666669,0.0,3.0,8.0,0.7037896825396825,0.9206944444444444,0.9845833333333334,7 Ave @ 145 St
11/19/2020,1.2604166666666667,0.0,2.0,6.0,0.7270138888888888,0.8733333333333333,0.9702083333333332,7 Ave @ 145 St
12/3/2020,0.9916666666666668,0.0,2.0,5.0,0.79375,0.9228472222222224,0.9673611111111112,7 Ave @ 145 St
1/7/2021,0.7395833333333334,0.0,1.0,6.0,0.8975,0.946388888888889,0.9802777777777778,7 Ave @ 145 St
1/21/2021,0.9875,0.0,2.0,5.0,0.8349305555555555,0.9207638888888888,0.9766666666666668,7 Ave @ 145 St
2/4/2021,0.1895833333333333,0.0,0.0,3.0,0.9895833333333334,0.9923611111111112,0.9993055555555556,7 Ave @ 145 St
2/18/2021,0.0354166666666666,0.0,0.0,1.0,1.0,1.0,1.0,7 Ave @ 145 St
4/2/2020,0.9261962692619627,0.0,1.0,9.0,0.9446163055652108,0.9658846020159888,0.9826214292151032,Lexington Ave @ 42 St
4/15/2020,0.8020069471246623,0.0,1.0,7.0,0.9454705849920052,0.9732186506404956,0.9880263182077154,Lexington Ave @ 42 St
5/13/2020,0.8711805555555555,0.0,1.0,9.0,0.9361224096119928,0.966815200617284,0.9850722001763668,Lexington Ave @ 42 St
5/27/2020,0.8947916666666667,0.0,1.0,9.0,0.9308132164902998,0.9632051917989418,0.9839806547619048,Lexington Ave @ 42 St
6/18/2020,2.6397774687065367,0.0,4.0,16.0,0.846600609057146,0.938638156388504,0.9774701712288638,Lexington Ave @ 42 St
6/24/2020,2.5232638888888888,0.0,4.0,16.0,0.8529191612785363,0.940949126105376,0.9850156633489968,Lexington Ave @ 42 St
8/13/2020,1.8568450312717164,0.0,3.0,15.0,0.8357746781826003,0.929146122196852,0.9850102584466728,Lexington Ave @ 42 St
8/27/2020,1.6819444444444445,0.0,3.0,10.0,0.8365812389770723,0.9291517857142856,0.9812370480599648,Lexington Ave @ 42 St
9/10/2020,1.6097731239092496,0.0,3.0,11.0,0.8500936817690745,0.9391048606231852,0.986763093412308,Lexington Ave @ 42 St
9/24/2020,2.361805555555556,0.0,4.0,13.0,0.8234084395542729,0.9254402098672933,0.9829350626225626,Lexington Ave @ 42 St
11/5/2020,1.5625,0.0,2.0,7.0,0.8315376984126984,0.9232837301587302,0.9822619047619048,Lexington Ave @ 42 St
11/19/2020,0.6416666666666667,0.0,1.0,7.0,0.9295833333333332,0.9764880952380952,0.9905257936507936,Lexington Ave @ 42 St
12/3/2020,0.3604166666666666,0.0,1.0,4.0,0.9885416666666668,0.9920138888888888,0.9940972222222222,Lexington Ave @ 42 St
1/7/2021,1.7458333333333331,1.0,3.0,7.0,0.8494642857142857,0.9286309523809524,0.9735119047619047,Lexington Ave @ 42 St
1/21/2021,1.8770833333333332,1.0,3.0,9.0,0.8329431216931217,0.9314021164021165,0.983814484126984,Lexington Ave @ 42 St
2/4/2021,1.1020833333333333,0.0,2.0,7.0,0.9064781746031746,0.9479563492063492,0.9833730158730158,Lexington Ave @ 42 St
2/18/2021,1.3729166666666666,0.0,2.0,8.0,0.8657093253968253,0.9519642857142856,0.9850099206349208,Lexington Ave @ 42 St
4/15/2020,0.6719598829920602,0.0,1.0,11.0,0.950202701602618,0.9790083993176346,0.99023776056789,Park Ave @ 23 St
5/13/2020,0.7606807919416464,0.0,1.0,8.0,0.9374294976761112,0.969824178368812,0.984642484989828,Park Ave @ 23 St
5/27/2020,0.9260416666666668,0.0,1.0,12.0,0.9363138077200576,0.9752835648148148,0.991383101851852,Park Ave @ 23 St
6/18/2020,1.935349322210636,0.0,3.0,11.0,0.8177581214598941,0.93713945653466,0.974134863707335,Park Ave @ 23 St
6/24/2020,1.7288194444444445,0.0,3.0,11.0,0.8242729627625461,0.941300505050505,0.9832355299021964,Park Ave @ 23 St
8/13/2020,1.7772758860319666,0.0,3.0,10.0,0.8354068080788025,0.9395667185104294,0.977848373539826,Park Ave @ 23 St
8/27/2020,2.086805555555556,0.0,4.0,11.0,0.8236482132836299,0.9441407878387044,0.9807954044412378,Park Ave @ 23 St
9/10/2020,1.901221640488656,0.0,3.0,11.0,0.8297866221426431,0.9434240434763996,0.9846305236357592,Park Ave @ 23 St
9/24/2020,2.573263888888889,0.0,5.0,12.0,0.7889993436347603,0.9263791937229438,0.9776704795975628,Park Ave @ 23 St
11/5/2020,1.2604166666666667,0.0,2.0,10.0,0.892119708994709,0.9539236111111112,0.9837003968253968,Park Ave @ 23 St
11/19/2020,0.15625,0.0,0.0,4.0,0.9940972222222222,0.9947916666666666,0.9979166666666668,Park Ave @ 23 St
12/3/2020,0.1770833333333333,0.0,0.0,3.0,0.9798611111111112,0.9895833333333334,0.9923611111111112,Park Ave @ 23 St
1/7/2021,0.9229166666666668,0.0,1.0,7.0,0.9217559523809524,0.9742063492063492,0.9889583333333334,Park Ave @ 23 St
1/21/2021,1.1979166666666667,0.0,2.0,7.0,0.8983730158730159,0.9536904761904762,0.9790277777777778,Park Ave @ 23 St
2/4/2021,0.20625,0.0,0.0,3.0,0.9875,0.9958333333333332,0.9972222222222222,Park Ave @ 23 St
4/2/2020,0.5041666666666667,0.0,1.0,4.0,0.9545138888888888,0.9701388888888888,0.9798611111111112,5 Ave @ 42 St
4/15/2020,0.4228571428571429,0.0,1.0,4.0,0.9623809523809524,0.9776190476190476,0.9866666666666668,5 Ave @ 42 St
5/13/2020,0.7,0.0,1.0,5.0,0.9038888888888889,0.9383333333333334,0.9601388888888888,5 Ave @ 42 St
5/27/2020,3.764583333333333,2.0,5.0,13.0,0.7319684713434713,0.864641724016724,0.9329168054168054,5 Ave @ 42 St
6/18/2020,6.67223382045929,4.0,9.0,17.0,0.7104323119673728,0.8791042488696916,0.968011150229006,5 Ave @ 42 St
6/24/2020,7.29375,5.0,10.0,19.0,0.69284133842522,0.8906434103642888,0.9747600420878284,5 Ave @ 42 St
7/16/2020,8.96875,7.0,11.0,20.0,0.6998880986395498,0.8935089283638045,0.9751462706038944,5 Ave @ 42 St
7/30/2020,9.48125,7.0,12.0,19.0,0.7465483875071723,0.9090308051869584,0.971599788723918,5 Ave @ 42 St
8/13/2020,8.881496881496881,7.0,11.0,20.0,0.7773912338213362,0.9129834856436428,0.9761649821128268,5 Ave @ 42 St
8/27/2020,3.0249480249480247,1.0,4.0,11.0,0.7502137502137503,0.8931032931032931,0.9553329553329554,5 Ave @ 42 St
9/10/2020,3.869022869022869,2.0,5.0,14.0,0.7629194436886745,0.8976140399217323,0.9676626792011408,5 Ave @ 42 St
9/24/2020,9.667359667359667,7.0,12.0,20.0,0.7444104426004878,0.8986226883523859,0.9733481426205884,5 Ave @ 42 St
10/8/2020,5.494780793319415,2.0,8.0,20.0,0.7693919167773042,0.8990283306000066,0.9749326119514916,5 Ave @ 42 St
10/22/2020,4.197916666666667,2.0,6.0,12.0,0.8165471681096681,0.9264012145262144,0.9674478415103416,5 Ave @ 42 St
11/5/2020,2.1104166666666666,1.0,3.0,12.0,0.7498448773448774,0.8703360990860991,0.9609122474747476,5 Ave @ 42 St
11/19/2020,9.4125,6.0,13.0,20.0,0.7624468529871974,0.8925107123447874,0.970666032847728,5 Ave @ 42 St
12/3/2020,2.50625,1.0,3.0,14.0,0.819645528083028,0.8798304242054242,0.944841188903689,5 Ave @ 42 St
1/7/2021,1.2583333333333333,0.0,2.0,6.0,0.7682638888888889,0.8294444444444444,0.9326388888888888,5 Ave @ 42 St
1/21/2021,9.964583333333334,7.0,13.0,20.0,0.7631438855548763,0.9033165440653832,0.972150532968064,5 Ave @ 42 St
2/4/2021,7.145833333333333,5.0,9.0,17.0,0.7328432277145512,0.8889373939649675,0.9647569230197908,5 Ave @ 42 St
2/18/2021,6.070833333333334,4.0,8.0,17.0,0.7417970152804712,0.8843654214793921,0.9645833999878116,5 Ave @ 42 St
5/13/2020,1.8458333333333332,1.0,3.0,8.0,0.8849454365079366,0.9502232142857144,0.9815376984126984,Central park west @ 86 St
5/27/2020,1.5041666666666669,0.0,2.0,7.0,0.8785515873015873,0.9417063492063492,0.9750694444444444,Central park west @ 86 St
6/18/2020,1.69811320754717,1.0,3.0,7.0,0.8714585205151243,0.9306578816012778,0.9735250074872716,Central park west @ 86 St
6/24/2020,1.2895833333333333,0.0,2.0,11.0,0.9011174242424242,0.9649179292929292,0.9830492424242424,Central park west @ 86 St
7/16/2020,1.65625,1.0,2.0,8.0,0.8224107142857143,0.9011904761904762,0.9559027777777778,Central park west @ 86 St
7/30/2020,1.23125,0.0,2.0,7.0,0.8975595238095239,0.9512599206349206,0.9738888888888888,Central park west @ 86 St
8/13/2020,0.0791666666666666,0.0,0.0,2.0,0.9958333333333332,0.9979166666666668,0.9979166666666668,Central park west @ 86 St
8/27/2020,0.2625,0.0,0.0,3.0,0.96875,0.96875,0.9951388888888888,Central park west @ 86 St
10/8/2020,0.3354166666666666,0.0,1.0,7.0,0.978125,0.9911210317460316,0.994593253968254,Central park west @ 86 St
10/22/2020,0.3666666666666666,0.0,1.0,4.0,0.9711805555555556,0.9847222222222224,0.9930555555555556,Central park west @ 86 St
11/5/2020,0.3291666666666666,0.0,0.0,4.0,0.9586805555555556,0.9732638888888888,0.9833333333333332,Central park west @ 86 St
11/19/2020,0.1625,0.0,0.0,3.0,0.9854166666666668,0.9972222222222222,0.9993055555555556,Central park west @ 86 St
12/3/2020,0.1291666666666666,0.0,0.0,2.0,0.9916666666666668,0.9958333333333332,0.9958333333333332,Central park west @ 86 St
1/7/2021,0.7729166666666667,0.0,1.0,7.0,0.92140873015873,0.9632440476190476,0.9952876984126984,Central park west @ 86 St
1/21/2021,0.7395833333333334,0.0,1.0,5.0,0.9564583333333332,0.9779166666666668,0.9934722222222222,Central park west @ 86 St
2/4/2021,0.525,0.0,1.0,6.0,0.9485416666666666,0.9663194444444444,0.9796527777777778,Central park west @ 86 St
2/18/2021,1.1604166666666669,0.0,2.0,6.0,0.8770833333333333,0.9043055555555556,0.9393055555555556,Central park west @ 86 St
5/13/2020,1.7208333333333334,0.0,3.0,10.0,0.8041203703703704,0.8742708333333333,0.9304282407407408,Northern Blvd @ 48 St
5/27/2020,2.252083333333333,1.0,3.0,12.0,0.7427353896103897,0.859280303030303,0.9326370851370852,Northern Blvd @ 48 St
6/18/2020,2.016771488469601,1.0,3.0,9.0,0.796938537819041,0.8821486805763535,0.9517969451931716,Northern Blvd @ 48 St
6/24/2020,1.8791666666666669,1.0,3.0,8.0,0.7688690476190476,0.8803819444444445,0.947906746031746,Northern Blvd @ 48 St
7/16/2020,2.25625,1.0,3.0,9.0,0.7292840608465607,0.8656051587301588,0.9441104497354498,Northern Blvd @ 48 St
7/30/2020,2.629166666666667,1.0,4.0,9.0,0.7428472222222222,0.8642146164021164,0.9405505952380953,Northern Blvd @ 48 St
8/13/2020,1.0916666666666666,0.0,2.0,6.0,0.9158333333333332,0.96,0.9776388888888888,Northern Blvd @ 48 St
8/27/2020,0.6041666666666666,0.0,1.0,4.0,0.9434027777777778,0.9642361111111112,0.9777777777777776,Northern Blvd @ 48 St
9/24/2020,4.122916666666667,2.0,6.0,14.0,0.7747198981573982,0.8772068787693788,0.95028178996929,Northern Blvd @ 48 St
10/8/2020,1.6367432150313153,0.0,2.0,8.0,0.8555721244656527,0.929595387215429,0.9654190277363556,Northern Blvd @ 48 St
10/22/2020,2.979123173277662,2.0,4.0,9.0,0.7679424727441428,0.9254796699473108,0.9651870629949962,Northern Blvd @ 48 St
11/5/2020,2.4916666666666667,1.0,4.0,10.0,0.788723544973545,0.8979976851851852,0.9607953042328042,Northern Blvd @ 48 St
11/19/2020,0.8833333333333333,0.0,1.0,5.0,0.9424305555555555,0.9675,0.9780555555555556,Northern Blvd @ 48 St
12/3/2020,1.0729166666666667,0.0,2.0,7.0,0.905218253968254,0.9443253968253968,0.9686507936507937,Northern Blvd @ 48 St
1/7/2021,0.4604166666666666,0.0,1.0,3.0,0.9805555555555556,0.9861111111111112,0.9972222222222222,Northern Blvd @ 48 St
1/21/2021,2.7125,1.0,4.0,8.0,0.7892361111111111,0.8962797619047619,0.9617609126984128,Northern Blvd @ 48 St
2/4/2021,0.0479166666666666,0.0,0.0,2.0,0.9958333333333332,1.0,1.0,Northern Blvd @ 48 St
2/18/2021,0.58125,0.0,1.0,5.0,0.9339583333333332,0.951875,0.9791666666666666,Northern Blvd @ 48 St
5/13/2020,1.0520833333333333,0.0,2.0,6.0,0.9104166666666668,0.9648611111111112,0.9829861111111112,Broadway @ 125 St
5/27/2020,1.0041666666666669,0.0,2.0,6.0,0.9054861111111112,0.9577083333333334,0.9836111111111112,Broadway @ 125 St
6/18/2020,1.3060796645702306,0.0,2.0,5.0,0.8995108315863033,0.9530398322851154,0.9782669461914744,Broadway @ 125 St
6/24/2020,0.75,0.0,1.0,7.0,0.9446527777777778,0.9701289682539682,0.9926488095238096,Broadway @ 125 St
7/16/2020,0.6166666666666667,0.0,1.0,4.0,0.9395833333333332,0.9614583333333332,0.978125,Broadway @ 125 St
7/30/2020,2.4166666666666665,1.0,3.0,8.0,0.8205307539682539,0.919781746031746,0.9704117063492064,Broadway @ 125 St
8/13/2020,3.3979166666666667,2.0,4.0,12.0,0.7776800745550746,0.9234136002886004,0.9796954665704666,Broadway @ 125 St
8/27/2020,1.5083333333333333,0.0,2.0,7.0,0.8404464285714286,0.9229662698412698,0.975734126984127,Broadway @ 125 St
9/24/2020,3.1540697674418605,2.0,4.0,11.0,0.7829769874828014,0.9296421440316788,0.974312476928756,Broadway @ 125 St
10/8/2020,1.3770833333333334,0.0,2.0,8.0,0.858015873015873,0.9377777777777778,0.9772321428571428,Broadway @ 125 St
10/22/2020,3.2291666666666665,2.0,4.0,10.0,0.8197685185185185,0.9454646164021164,0.9802430555555556,Broadway @ 125 St
11/5/2020,1.3479166666666669,0.0,2.0,8.0,0.8897222222222222,0.9372470238095238,0.9804811507936508,Broadway @ 125 St
11/19/2020,0.46875,0.0,1.0,4.0,0.9614583333333332,0.975,0.9972222222222222,Broadway @ 125 St
12/3/2020,0.51875,0.0,1.0,4.0,0.9350694444444444,0.9486111111111112,0.9802083333333332,Broadway @ 125 St
1/7/2021,1.33125,0.0,2.0,7.0,0.8138789682539682,0.9437996031746032,0.9853670634920636,Broadway @ 125 St
1/21/2021,1.28125,0.0,2.0,7.0,0.7993154761904762,0.92,0.9706944444444444,Broadway @ 125 St
2/4/2021,0.1479166666666666,0.0,0.0,3.0,0.99375,0.9965277777777778,0.9979166666666668,Broadway @ 125 St
2/18/2021,0.2270833333333333,0.0,0.0,5.0,0.98,0.9845833333333334,0.9919444444444444,Broadway @ 125 St
5/13/2020,1.0125260960334028,0.0,2.0,7.0,0.8869171885873347,0.941236703449647,0.9643602743811512,Queens Blvd @ 48 St
5/27/2020,1.2875,0.0,2.0,7.0,0.8490079365079365,0.907470238095238,0.949375,Queens Blvd @ 48 St
6/18/2020,1.509433962264151,0.0,2.0,8.0,0.835749226315264,0.9141609264250774,0.956324248777079,Queens Blvd @ 48 St
9/24/2020,1.7666666666666666,0.75,3.0,9.0,0.7646693121693122,0.8766782407407407,0.955176917989418,Queens Blvd @ 48 St
10/8/2020,0.4541666666666666,0.0,1.0,5.0,0.933125,0.9640277777777778,0.9809027777777778,Queens Blvd @ 48 St
10/22/2020,1.6958333333333333,0.0,3.0,7.0,0.6978769841269841,0.821875,0.918422619047619,Queens Blvd @ 48 St
11/5/2020,0.6145833333333334,0.0,1.0,6.0,0.9076388888888888,0.9490277777777778,0.9786111111111112,Queens Blvd @ 48 St
11/19/2020,1.0854166666666667,0.0,2.0,7.0,0.8428968253968254,0.9207142857142856,0.955595238095238,Queens Blvd @ 48 St
12/3/2020,1.28125,0.0,2.0,10.0,0.8075562169312169,0.8802380952380953,0.9525363756613756,Queens Blvd @ 48 St
1/7/2021,0.60625,0.0,1.0,6.0,0.8949305555555556,0.9283333333333332,0.9670833333333332,Queens Blvd @ 48 St
1/21/2021,1.05625,0.0,2.0,7.0,0.8448214285714286,0.9014781746031746,0.9604265873015873,Queens Blvd @ 48 St
2/4/2021,0.1854166666666666,0.0,0.0,4.0,0.9774305555555556,0.9923611111111112,0.9965277777777778,Queens Blvd @ 48 St
2/18/2021,0.475,0.0,1.0,5.0,0.9596527777777778,0.9747916666666668,0.9855555555555556,Queens Blvd @ 48 St
4/2/2020,0.7416666666666667,0.0,1.0,7.0,0.9356746031746032,0.9659027777777778,0.9833333333333332,Water St @ Whitehall
4/15/2020,0.5176151761517616,0.0,1.0,8.0,0.9469996128532714,0.962691960252936,0.978906955736224,Water St @ Whitehall
5/13/2020,0.8467908902691511,0.0,1.0,7.0,0.8973183476289066,0.9272108843537414,0.956837227644681,Water St @ Whitehall
5/27/2020,1.082815734989648,0.0,2.0,10.0,0.8397170462387854,0.8923789805777383,0.948895790200138,Water St @ Whitehall
6/18/2020,0.5660377358490566,0.0,1.0,5.0,0.9521313766596784,0.9681341719077567,0.9882599580712788,Water St @ Whitehall
6/24/2020,0.5770833333333333,0.0,1.0,5.0,0.9386805555555556,0.965,0.9897222222222222,Water St @ Whitehall
7/16/2020,0.46875,0.0,1.0,5.0,0.9645833333333332,0.9818055555555556,0.9893055555555555,Water St @ Whitehall
7/30/2020,0.4333333333333333,0.0,1.0,6.0,0.9541666666666668,0.9607638888888888,0.9808333333333332,Water St @ Whitehall
8/13/2020,0.96875,0.0,1.0,7.0,0.9113888888888888,0.964811507936508,0.9795535714285716,Water St @ Whitehall
8/27/2020,0.4958333333333333,0.0,1.0,5.0,0.9604861111111112,0.9813888888888888,0.9927083333333332,Water St @ Whitehall
9/10/2020,0.9666666666666668,0.0,2.0,6.0,0.9143055555555556,0.9415972222222222,0.9669444444444444,Water St @ Whitehall
9/24/2020,1.6895833333333334,1.0,2.0,7.0,0.8888690476190476,0.945625,0.9804166666666668,Water St @ Whitehall
10/8/2020,0.6125,0.0,1.0,6.0,0.9195833333333332,0.9431944444444444,0.9645138888888888,Water St @ Whitehall
10/22/2020,3.38125,2.0,5.0,13.0,0.688399494024494,0.8593761678136678,0.9682993626743628,Water St @ Whitehall
11/5/2020,1.3354166666666667,0.0,2.0,10.0,0.81875,0.9074371693121692,0.9670717592592591,Water St @ Whitehall
11/19/2020,2.5708333333333333,0.0,4.0,16.0,0.7578652597402598,0.901059102934103,0.9671565355940356,Water St @ Whitehall
12/3/2020,1.9895833333333333,0.0,3.0,18.0,0.7874689737005913,0.8959576330532213,0.9597090919701212,Water St @ Whitehall
1/7/2021,1.61875,0.0,3.0,14.0,0.8281653184778185,0.9126881451881452,0.9627076742701742,Water St @ Whitehall
1/21/2021,3.04375,1.0,4.0,13.0,0.6764862336737336,0.8597318769193769,0.944278823028823,Water St @ Whitehall
2/4/2021,0.2333333333333333,0.0,0.0,6.0,0.9884722222222222,0.9886111111111112,0.9970833333333332,Water St @ Whitehall
2/18/2021,0.54375,0.0,1.0,4.0,0.9444444444444444,0.9701388888888888,0.9798611111111112,Water St @ Whitehall
5/13/2020,0.6020833333333333,0.0,1.0,5.0,0.9353472222222222,0.9626388888888888,0.9775694444444444,Northern Blvd @ Broadway
5/27/2020,0.74375,0.0,1.0,6.0,0.9153472222222222,0.9511805555555556,0.9715277777777778,Northern Blvd @ Broadway
6/18/2020,2.153039832285115,1.0,3.0,8.0,0.6571478486572826,0.7672406908255965,0.812418887890586,Northern Blvd @ Broadway
6/24/2020,0.6770833333333334,0.0,1.0,5.0,0.9202777777777778,0.9490972222222224,0.9716666666666668,Northern Blvd @ Broadway
7/16/2020,0.8895833333333333,0.0,1.0,5.0,0.8964583333333334,0.9289583333333332,0.9588888888888888,Northern Blvd @ Broadway
7/30/2020,2.4791666666666665,1.0,4.0,13.0,0.782813055000555,0.8854701895326895,0.9580922665297664,Northern Blvd @ Broadway
8/13/2020,2.5625,1.0,4.0,13.0,0.7908413577163578,0.8720667758167758,0.9359758181633182,Northern Blvd @ Broadway
8/27/2020,1.4645833333333331,0.0,2.0,9.0,0.8531845238095238,0.9263806216931216,0.9745568783068784,Northern Blvd @ Broadway
9/10/2020,1.6291666666666669,0.0,2.0,7.0,0.8252678571428571,0.9002678571428572,0.9486210317460316,Northern Blvd @ Broadway
9/24/2020,2.8625,1.0,4.0,12.0,0.7446685606060606,0.8455448833573833,0.9199637746512748,Northern Blvd @ Broadway
10/8/2020,0.925,0.0,1.0,5.0,0.8720138888888889,0.9343055555555556,0.9759027777777778,Northern Blvd @ Broadway
10/22/2020,2.7416666666666667,1.0,4.0,10.0,0.8083878968253968,0.8916054894179894,0.947296626984127,Northern Blvd @ Broadway
11/5/2020,0.8770833333333333,0.0,1.0,6.0,0.8883333333333333,0.9381944444444444,0.9650694444444444,Northern Blvd @ Broadway
11/19/2020,1.5770833333333334,0.0,2.0,15.0,0.8529383116883117,0.9137229437229436,0.9557212000962,Northern Blvd @ Broadway
12/3/2020,1.9791666666666667,0.0,3.0,14.0,0.8597351491101491,0.910063744126244,0.9629354094979096,Northern Blvd @ Broadway
1/7/2021,0.9541666666666668,0.0,1.0,7.0,0.8715575396825397,0.9285912698412698,0.96734126984127,Northern Blvd @ Broadway
1/21/2021,1.3104166666666666,0.0,2.0,9.0,0.8620651455026455,0.9074966931216932,0.9648098544973543,Northern Blvd @ Broadway
2/4/2021,0.7729166666666667,0.0,1.0,12.0,0.8986372655122655,0.945064935064935,0.9741680194805196,Northern Blvd @ Broadway
2/18/2021,1.675,1.0,2.0,7.0,0.8361904761904762,0.9069642857142856,0.9510218253968254,Northern Blvd @ Broadway
5/13/2020,4.072916666666667,2.0,6.0,12.0,0.6606189874939874,0.8438036616161616,0.9513540163540164,Amsterdam @ 72 St
5/27/2020,4.704166666666667,3.0,6.0,14.0,0.6625391622266622,0.8515286218411218,0.9623430042180042,Amsterdam @ 72 St
6/18/2020,0.7148846960167715,0.0,1.0,5.0,0.9399720475192174,0.9724668064290706,0.9817610062893082,Amsterdam @ 72 St
6/24/2020,0.43125,0.0,1.0,4.0,0.9642361111111112,0.9784722222222222,0.9881944444444444,Amsterdam @ 72 St
7/16/2020,0.4020833333333333,0.0,1.0,3.0,0.9729166666666668,0.9868055555555556,0.99375,Amsterdam @ 72 St
7/30/2020,0.6958333333333333,0.0,1.0,5.0,0.95375,0.976875,0.9890277777777776,Amsterdam @ 72 St
8/13/2020,6.316666666666666,4.0,8.0,15.0,0.6971918012543012,0.8762378593628594,0.963014473951974,Amsterdam @ 72 St
8/27/2020,5.333333333333333,3.0,7.0,14.0,0.6485539807414807,0.8335996295371295,0.9597273906648908,Amsterdam @ 72 St
9/24/2020,3.6416666666666666,2.0,5.0,11.0,0.68503848003848,0.8670891955266955,0.9668820646945648,Amsterdam @ 72 St
10/8/2020,5.95625,4.0,8.0,14.0,0.6763582944832944,0.8417190795315795,0.959024655899656,Amsterdam @ 72 St
10/22/2020,5.3375,3.0,7.0,17.0,0.661141323953824,0.8368343006394476,0.9543012413784472,Amsterdam @ 72 St
11/5/2020,4.15625,2.0,6.0,14.0,0.644601948976949,0.8251221694971695,0.946661266973767,Amsterdam @ 72 St
11/19/2020,6.725,5.0,8.0,16.0,0.5861220261220261,0.7990815318940319,0.942585313991564,Amsterdam @ 72 St
12/3/2020,6.125,4.0,8.0,13.0,0.6254273273023273,0.8244598688348688,0.9471358155733156,Amsterdam @ 72 St
1/7/2021,3.402083333333333,2.0,5.0,12.0,0.7030074555074555,0.862267316017316,0.9564147426647428,Amsterdam @ 72 St
1/21/2021,3.9875,2.0,5.0,14.0,0.6741633366633366,0.8530224983349983,0.9531481018981018,Amsterdam @ 72 St
2/4/2021,2.5875,1.0,4.0,13.0,0.7418367165242166,0.8713676485551486,0.9597799654049654,Amsterdam @ 72 St
2/18/2021,2.6020833333333333,1.0,4.0,9.0,0.7783333333333333,0.8976703042328043,0.9668468915343916,Amsterdam @ 72 St
4/2/2020,1.6125,0.0,2.0,8.0,0.8700793650793651,0.9421329365079364,0.9815426587301588,3 Ave @ 42 St
4/15/2020,1.6419753086419753,1.0,2.0,7.0,0.8476072898295121,0.9211522633744856,0.962798353909465,3 Ave @ 42 St
5/13/2020,1.8979166666666667,1.0,3.0,8.0,0.8463144841269841,0.9341170634920636,0.9813789682539682,3 Ave @ 42 St
5/27/2020,2.691666666666667,1.0,4.0,10.0,0.7436507936507937,0.9111111111111112,0.9746312830687832,3 Ave @ 42 St
6/18/2020,3.570230607966457,2.0,5.0,13.0,0.7912043116445632,0.9058828197192976,0.9689850331359764,3 Ave @ 42 St
6/24/2020,2.09375,1.0,3.0,9.0,0.8350049603174603,0.916807208994709,0.9734126984126984,3 Ave @ 42 St
7/16/2020,2.4375,1.0,4.0,10.0,0.8013921957671958,0.9072536375661376,0.9688921957671958,3 Ave @ 42 St
7/30/2020,2.5125,1.0,4.0,11.0,0.792940867003367,0.8935756373256374,0.9686810064935064,3 Ave @ 42 St
8/13/2020,2.79375,1.0,4.0,11.0,0.8179449254449255,0.9288861832611832,0.979848033910534,3 Ave @ 42 St
8/27/2020,1.8125,0.0,3.0,8.0,0.8299454365079365,0.9199652777777778,0.9745535714285716,3 Ave @ 42 St
9/10/2020,1.8583333333333332,0.0,3.0,10.0,0.8545205026455026,0.9256696428571428,0.9808564814814816,3 Ave @ 42 St
9/24/2020,1.7833333333333334,0.0,3.0,9.0,0.8274090608465609,0.9179050925925926,0.9765128968253968,3 Ave @ 42 St
10/8/2020,1.4541666666666666,0.0,2.0,9.0,0.8504679232804233,0.9372354497354496,0.9797536375661376,3 Ave @ 42 St
10/22/2020,4.241666666666666,3.0,6.0,12.0,0.6102364417989419,0.8369767616642616,0.9637946428571428,3 Ave @ 42 St
11/5/2020,3.8854166666666665,2.0,5.0,15.0,0.6389789261664262,0.8519319684944685,0.9615755772005772,3 Ave @ 42 St
11/19/2020,2.825,1.0,4.0,12.0,0.6803897607022606,0.8532520141895141,0.952407708032708,3 Ave @ 42 St
12/3/2020,0.1625,0.0,0.0,2.0,0.9916666666666668,0.9916666666666668,0.9979166666666668,3 Ave @ 42 St
1/7/2021,3.372916666666667,2.0,5.0,10.0,0.6454960317460318,0.870722552910053,0.9679844576719576,3 Ave @ 42 St
1/21/2021,2.925,1.0,5.0,11.0,0.7976838323713323,0.9054205747955748,0.979750481000481,3 Ave @ 42 St
2/4/2021,3.7395833333333335,2.0,6.0,12.0,0.7484197631072631,0.8917251382876383,0.9732912457912458,3 Ave @ 42 St
2/18/2021,2.1,1.0,3.0,11.0,0.7611162217412217,0.901264880952381,0.9746500721500722,3 Ave @ 42 St
4/2/2020,2.9833333333333334,2.0,4.0,9.0,0.8260515873015872,0.929303902116402,0.9757109788359788,8 Ave @ 23 St
4/15/2020,2.06631299734748,1.0,3.0,7.0,0.7918150814702538,0.9149804218769736,0.9617405582922824,8 Ave @ 23 St
5/13/2020,1.842436974789916,1.0,3.0,8.0,0.7623399359743898,0.8839635854341736,0.9526810724289716,8 Ave @ 23 St
5/27/2020,2.857142857142857,1.0,4.0,12.0,0.7282967732547565,0.8564971443122703,0.9283510373846507,8 Ave @ 23 St
6/18/2020,1.9769392033542976,1.0,3.0,10.0,0.8595404479052278,0.9397906891617585,0.9759292536022096,8 Ave @ 23 St
6/24/2020,1.9125,1.0,3.0,10.0,0.8075876322751323,0.9038938492063492,0.9432622354497354,8 Ave @ 23 St
7/16/2020,2.6791666666666667,1.0,4.0,11.0,0.7788407888407889,0.9158948112073112,0.9788392857142856,8 Ave @ 23 St
7/30/2020,2.675,1.0,4.0,14.0,0.8168318833943834,0.9260031172531172,0.9748880748880748,8 Ave @ 23 St
8/13/2020,1.93125,1.0,3.0,8.0,0.8329067460317461,0.926622023809524,0.967217261904762,8 Ave @ 23 St
8/27/2020,2.9291666666666667,1.0,4.0,10.0,0.7623048941798942,0.8889401455026456,0.9697189153439152,8 Ave @ 23 St
9/10/2020,4.697916666666667,3.0,6.0,12.0,0.7037734487734487,0.8771317340067339,0.9626157407407409,8 Ave @ 23 St
9/24/2020,5.370833333333334,4.0,7.0,11.0,0.7325267556517556,0.8929712301587301,0.9698160173160172,8 Ave @ 23 St
10/8/2020,4.164926931106471,2.0,6.0,12.0,0.7183011143345173,0.8711319879378334,0.9604748649633827,8 Ave @ 23 St
10/22/2020,3.5479166666666666,2.0,5.0,14.0,0.7830211455211455,0.9104000744625744,0.9821543387168388,8 Ave @ 23 St
11/5/2020,2.8520833333333333,1.0,4.0,14.0,0.7992302836052836,0.9229828851703852,0.9823870805120803,8 Ave @ 23 St
11/19/2020,2.6104166666666666,1.0,4.0,12.0,0.7936375661375661,0.9127901034151034,0.9799738455988456,8 Ave @ 23 St
12/3/2020,2.00625,0.0,3.0,12.0,0.8130223364598365,0.9127429052429052,0.9742956349206348,8 Ave @ 23 St
1/7/2021,2.779166666666667,1.0,4.0,10.0,0.7780142195767196,0.8921263227513228,0.9737169312169311,8 Ave @ 23 St
1/21/2021,2.24375,1.0,3.0,10.0,0.8295287698412699,0.9133597883597884,0.9735234788359788,8 Ave @ 23 St
2/4/2021,1.7625,0.0,3.0,12.0,0.8162058080808081,0.9078246753246754,0.9636589105339104,8 Ave @ 23 St
2/18/2021,0.7645833333333333,0.0,1.0,7.0,0.9448710317460316,0.976984126984127,0.992470238095238,8 Ave @ 23 St
5/13/2020,0.4604166666666666,0.0,1.0,5.0,0.9578472222222222,0.97,0.9861805555555556,Northern Blvd @ Steinway
5/27/2020,0.9708333333333332,0.0,2.0,5.0,0.9127777777777778,0.9678472222222222,0.9900694444444444,Northern Blvd @ Steinway
6/18/2020,0.8301886792452831,0.0,1.0,5.0,0.9200559049615652,0.954786862334032,0.9647798742138364,Northern Blvd @ Steinway
6/24/2020,0.7541666666666667,0.0,1.0,6.0,0.9285416666666668,0.9618055555555556,0.98125,Northern Blvd @ Steinway
7/16/2020,1.1895833333333334,0.0,2.0,6.0,0.8968055555555555,0.9448611111111112,0.9700694444444444,Northern Blvd @ Steinway
7/30/2020,0.8479166666666667,0.0,1.0,8.0,0.9199751984126984,0.9468700396825396,0.9672222222222222,Northern Blvd @ Steinway
8/13/2020,0.3958333333333333,0.0,1.0,4.0,0.9625,0.9788194444444444,0.9947916666666666,Northern Blvd @ Steinway
8/27/2020,0.5708333333333333,0.0,1.0,4.0,0.9326388888888888,0.9652777777777778,0.9833333333333332,Northern Blvd @ Steinway
9/24/2020,1.66875,1.0,2.0,6.0,0.8774305555555556,0.9255555555555556,0.9896527777777778,Northern Blvd @ Steinway
10/8/2020,0.3215031315240083,0.0,1.0,3.0,0.9728601252609604,0.9916492693110648,0.9916492693110648,Northern Blvd @ Steinway
10/22/2020,1.9958333333333331,1.0,3.0,6.0,0.9304861111111112,0.9725,0.993125,Northern Blvd @ Steinway
11/5/2020,0.4604166666666666,0.0,1.0,5.0,0.9520138888888888,0.9709722222222222,0.9813888888888888,Northern Blvd @ Steinway
11/19/2020,0.4145833333333333,0.0,1.0,4.0,0.9625,0.9788194444444444,0.9927083333333332,Northern Blvd @ Steinway
12/3/2020,0.3333333333333333,0.0,1.0,4.0,0.9635416666666666,0.9756944444444444,0.9847222222222224,Northern Blvd @ Steinway
1/7/2021,0.1645833333333333,0.0,0.0,4.0,0.9916666666666668,0.9951388888888888,0.9958333333333332,Northern Blvd @ Steinway
1/21/2021,0.4520833333333333,0.0,1.0,4.0,0.965625,0.9736111111111112,0.9840277777777776,Northern Blvd @ Steinway
2/4/2021,0.1958333333333333,0.0,0.0,4.0,0.9864583333333332,0.9940972222222222,0.9989583333333332,Northern Blvd @ Steinway
2/18/2021,0.51875,0.0,1.0,4.0,0.9708333333333332,0.9802083333333332,0.996875,Northern Blvd @ Steinway
4/2/2020,2.1729166666666666,1.0,3.0,8.0,0.826374007936508,0.9178373015873016,0.9659970238095238,6 Ave @ 42 St
4/15/2020,2.52549889135255,1.0,4.0,10.0,0.7525762855031147,0.8639513602928237,0.9395276809910956,6 Ave @ 42 St
5/13/2020,2.9559748427672954,1.0,4.0,11.0,0.7565230018060207,0.8767115600448934,0.9595507334501046,6 Ave @ 42 St
5/27/2020,3.13125,2.0,5.0,9.0,0.7090790343915343,0.8650562169312169,0.9421296296296297,6 Ave @ 42 St
6/18/2020,4.477987421383648,3.0,6.0,12.0,0.7046982251384767,0.8878583680470473,0.9668301765786044,6 Ave @ 42 St
6/24/2020,4.58125,3.0,6.0,12.0,0.7446563852813852,0.904042358104858,0.974116311928812,6 Ave @ 42 St
7/16/2020,5.379166666666666,3.0,8.0,15.0,0.7153399378399378,0.886699111074111,0.9671732896732896,6 Ave @ 42 St
7/30/2020,5.579166666666667,4.0,7.0,13.0,0.7013038581788582,0.877942717005217,0.9585304625929626,6 Ave @ 42 St
8/13/2020,1.50625,0.0,2.0,7.0,0.8963888888888889,0.9509722222222222,0.9897321428571428,6 Ave @ 42 St
8/27/2020,1.4479166666666667,0.0,2.0,6.0,0.8305555555555556,0.9109027777777778,0.9825694444444444,6 Ave @ 42 St
9/10/2020,1.2041666666666666,0.0,2.0,6.0,0.9088194444444444,0.9754861111111112,0.9903472222222224,6 Ave @ 42 St
9/24/2020,3.6104166666666666,2.0,5.0,10.0,0.792688492063492,0.9042609126984128,0.9676554232804232,6 Ave @ 42 St
10/8/2020,4.808333333333334,1.0,8.0,17.0,0.8137254976777035,0.939100870874768,0.9824239023503728,6 Ave @ 42 St
10/22/2020,8.191666666666666,6.0,10.0,17.0,0.7304154015918722,0.9119432283402872,0.9785098112671642,6 Ave @ 42 St
11/5/2020,6.522916666666666,4.0,9.0,17.0,0.7762240309391044,0.919500347147406,0.979517982017982,6 Ave @ 42 St
11/19/2020,6.029166666666667,4.0,8.0,18.0,0.6443427235890471,0.8469901847199641,0.9632090611594288,6 Ave @ 42 St
12/3/2020,4.91875,1.0,8.0,20.0,0.7954598797995663,0.924845178542934,0.9776361191483096,6 Ave @ 42 St
1/7/2021,7.041666666666667,5.0,9.0,18.0,0.6584647698434463,0.8944097334446599,0.9702517563455064,6 Ave @ 42 St
1/21/2021,7.552083333333333,5.0,10.0,18.0,0.6461547235444294,0.8980914615749175,0.9747111830843448,6 Ave @ 42 St
2/4/2021,1.4333333333333331,0.0,2.0,7.0,0.8802876984126984,0.941984126984127,0.9759126984126985,6 Ave @ 42 St
2/18/2021,1.3125,0.0,2.0,7.0,0.8933035714285714,0.9543551587301587,0.9848015873015872,6 Ave @ 42 St
5/13/2020,1.4770833333333333,0.0,2.0,8.0,0.7958878968253968,0.9238690476190476,0.9744642857142856,Columbus St @ 65 Ave
5/27/2020,1.7354166666666666,1.0,3.0,8.0,0.7932638888888889,0.9168551587301588,0.9640327380952382,Columbus St @ 65 Ave
6/18/2020,2.8658280922431865,1.0,4.0,11.0,0.8376177165485341,0.924901606662613,0.9642941847344364,Columbus St @ 65 Ave
6/24/2020,1.6458333333333333,0.0,2.0,9.0,0.8310367063492063,0.94130291005291,0.977063492063492,Columbus St @ 65 Ave
7/16/2020,1.6229166666666666,0.0,3.0,8.0,0.8471478174603174,0.9309771825396824,0.9756001984126984,Columbus St @ 65 Ave
7/30/2020,2.2583333333333333,1.0,3.0,9.0,0.7840145502645502,0.8863029100529101,0.9565591931216932,Columbus St @ 65 Ave
8/13/2020,2.0791666666666666,1.0,3.0,10.0,0.807225529100529,0.9145833333333332,0.9574966931216932,Columbus St @ 65 Ave
8/27/2020,2.283333333333333,1.0,3.0,8.0,0.7794196428571429,0.9070833333333334,0.96047123015873,Columbus St @ 65 Ave
9/10/2020,3.304469273743017,2.0,5.0,12.0,0.7313153482147896,0.8836561948293792,0.9698896386047224,Columbus St @ 65 Ave
9/24/2020,4.929166666666666,3.0,7.0,14.0,0.7686153776778777,0.8891933182558183,0.9558981874606874,Columbus St @ 65 Ave
10/8/2020,2.068893528183716,1.0,3.0,10.0,0.8346787288332174,0.9411223779699772,0.976704112403486,Columbus St @ 65 Ave
10/22/2020,2.364583333333333,1.0,3.0,9.0,0.8192493386243386,0.8932655423280423,0.9570122354497356,Columbus St @ 65 Ave
11/5/2020,2.0541666666666667,1.0,3.0,9.0,0.8537830687830688,0.9308085317460316,0.9807853835978836,Columbus St @ 65 Ave
11/19/2020,2.377083333333333,1.0,3.0,9.0,0.7939765211640212,0.903301917989418,0.969717261904762,Columbus St @ 65 Ave
12/3/2020,2.3291666666666666,1.0,3.0,9.0,0.8094494047619047,0.9286292989417988,0.9702166005291004,Columbus St @ 65 Ave
1/7/2021,2.1041666666666665,1.0,3.0,9.0,0.8317972883597884,0.9271494708994708,0.9724255952380952,Columbus St @ 65 Ave
1/21/2021,1.8833333333333333,1.0,3.0,10.0,0.8557523148148148,0.9531762566137566,0.9856431878306878,Columbus St @ 65 Ave
2/4/2021,1.0520833333333333,0.0,2.0,6.0,0.90375,0.9449305555555556,0.9758333333333332,Columbus St @ 65 Ave
5/13/2020,0.2092457420924574,0.0,0.0,3.0,0.9854014598540146,0.9886455798864558,0.9910786699107867,Springfield Blvd @ Merrick Blvd
5/27/2020,0.25625,0.0,0.0,2.0,0.98125,0.9854166666666668,0.9958333333333332,Springfield Blvd @ Merrick Blvd
6/18/2020,0.3584905660377358,0.0,1.0,3.0,0.9769392033542976,0.9832285115303984,0.9972047519217332,Springfield Blvd @ Merrick Blvd
6/24/2020,0.1125,0.0,0.0,3.0,0.9986111111111112,0.9993055555555556,1.0,Springfield Blvd @ Merrick Blvd
7/16/2020,0.6094986807387863,0.0,1.0,6.0,0.9287598944591028,0.9606860158311346,0.982585751978892,Springfield Blvd @ Merrick Blvd
7/30/2020,0.5645833333333333,0.0,1.0,6.0,0.9394444444444444,0.9672916666666668,0.9869444444444444,Springfield Blvd @ Merrick Blvd
8/13/2020,0.5625,0.0,1.0,6.0,0.9378472222222224,0.973125,0.9836805555555556,Springfield Blvd @ Merrick Blvd
8/27/2020,0.6375,0.0,1.0,6.0,0.9377083333333334,0.9552083333333332,0.9786111111111112,Springfield Blvd @ Merrick Blvd
9/24/2020,0.9146341463414634,0.0,2.0,7.0,0.9102787456445992,0.9372822299651568,0.978513356562137,Springfield Blvd @ Merrick Blvd
10/8/2020,0.6729166666666667,0.0,1.0,7.0,0.9290079365079364,0.9614583333333332,0.9916071428571428,Springfield Blvd @ Merrick Blvd
10/22/2020,0.65625,0.0,1.0,9.0,0.9191087962962964,0.957488425925926,0.9809027777777778,Springfield Blvd @ Merrick Blvd
11/5/2020,0.33125,0.0,0.0,6.0,0.9599305555555556,0.9768055555555556,0.9947222222222222,Springfield Blvd @ Merrick Blvd
11/19/2020,0.3145833333333333,0.0,0.0,4.0,0.9659722222222222,0.9798611111111112,0.9951388888888888,Springfield Blvd @ Merrick Blvd
12/3/2020,0.2895833333333333,0.0,0.0,4.0,0.9704861111111112,0.9805555555555556,0.9951388888888888,Springfield Blvd @ Merrick Blvd
1/7/2021,0.2416666666666666,0.0,0.0,4.0,0.9697916666666668,0.9836805555555556,0.9923611111111112,Springfield Blvd @ Merrick Blvd
1/21/2021,0.3291666666666666,0.0,1.0,5.0,0.9578472222222222,0.964375,0.9864583333333332,Springfield Blvd @ Merrick Blvd
2/4/2021,0.1145833333333333,0.0,0.0,4.0,0.9847222222222224,0.9888888888888888,0.9927083333333332,Springfield Blvd @ Merrick Blvd
2/18/2021,0.2395833333333333,0.0,0.0,3.0,0.9909722222222224,0.9930555555555556,0.9972222222222222,Springfield Blvd @ Merrick Blvd
5/13/2020,0.8444444444444444,0.0,1.0,10.0,0.9396775793650792,0.9702171516754852,0.9835458002645504,E 8 St @ Lafayette St
5/27/2020,1.1111111111111112,0.0,2.0,9.0,0.9305762235449736,0.9676151895943562,0.9847029320987656,E 8 St @ Lafayette St
6/18/2020,1.7591240875912408,0.0,3.0,13.0,0.8969600572833106,0.953085579310814,0.98081087992454,E 8 St @ Lafayette St
6/24/2020,1.5364583333333333,0.0,3.0,10.0,0.9074388227513228,0.9555475639329806,0.9791798941798942,E 8 St @ Lafayette St
8/13/2020,1.4847116052814455,0.0,2.0,13.0,0.9137219567553132,0.9549357329412924,0.9794571404196144,E 8 St @ Lafayette St
8/27/2020,1.4791666666666667,0.0,2.0,13.0,0.9132711077502744,0.9580648479606813,0.9859602049185384,E 8 St @ Lafayette St
9/10/2020,1.6169692737430168,0.0,3.0,15.0,0.9099345661321918,0.9675685173764784,0.9876999997984636,E 8 St @ Lafayette St
9/24/2020,2.5277777777777777,0.0,4.0,19.0,0.874116108164902,0.9423541358738728,0.9765207910287406,E 8 St @ Lafayette St
11/5/2020,4.725,3.0,6.0,19.0,0.7877241754955571,0.9140309839405234,0.9740841176367492,E 8 St @ Lafayette St
5/13/2020,2.0479166666666666,1.0,3.0,7.0,0.7583630952380953,0.8759523809523809,0.9543353174603174,Flatbush Ave and Atlantic Ave
5/27/2020,2.325,1.0,3.0,9.0,0.7636673280423281,0.8912037037037037,0.9698247354497356,Flatbush Ave and Atlantic Ave
6/18/2020,3.111111111111111,2.0,4.0,10.0,0.674819473561612,0.8482330038933813,0.9317959468902866,Flatbush Ave and Atlantic Ave
6/24/2020,2.61875,1.0,4.0,10.0,0.5911590608465609,0.8053025793650794,0.94547123015873,Flatbush Ave and Atlantic Ave
7/16/2020,3.38125,2.0,5.0,10.0,0.5796825396825398,0.8159441137566138,0.9508035714285714,Flatbush Ave and Atlantic Ave
7/30/2020,3.129166666666667,2.0,4.0,11.0,0.6575977032227032,0.8414129389129389,0.9470837842712844,Flatbush Ave and Atlantic Ave
8/13/2020,2.4458333333333333,1.0,4.0,7.0,0.6952678571428572,0.8553075396825397,0.9577480158730158,Flatbush Ave and Atlantic Ave
8/27/2020,2.283333333333333,1.0,3.0,8.0,0.6686507936507937,0.850734126984127,0.9528819444444444,Flatbush Ave and Atlantic Ave
9/24/2020,4.372916666666667,3.0,6.0,12.0,0.5649397246272246,0.8358982683982684,0.9504010341510342,Flatbush Ave and Atlantic Ave
10/8/2020,3.3110647181628394,2.0,4.0,10.0,0.5647281041853067,0.819407164396726,0.9446151042184444,Flatbush Ave and Atlantic Ave
10/22/2020,4.102083333333334,3.0,5.0,12.0,0.5634997294372295,0.8067046957671957,0.9330647246272246,Flatbush Ave and Atlantic Ave
11/5/2020,2.8895833333333334,1.0,4.0,11.0,0.6616241281866282,0.8688813732563733,0.95780768999519,Flatbush Ave and Atlantic Ave
11/19/2020,2.14375,0.0,4.0,9.0,0.7945651455026455,0.9123561507936508,0.969198082010582,Flatbush Ave and Atlantic Ave
12/3/2020,1.9854166666666664,0.0,3.0,10.0,0.7999718915343915,0.894917328042328,0.9562781084656083,Flatbush Ave and Atlantic Ave
1/7/2021,0.9041666666666668,0.0,1.0,7.0,0.9240972222222222,0.9509226190476192,0.976845238095238,Flatbush Ave and Atlantic Ave
1/21/2021,1.8020833333333333,0.0,3.0,9.0,0.8614732142857142,0.9264732142857144,0.9690790343915344,Flatbush Ave and Atlantic Ave
2/4/2021,1.9041666666666663,1.0,3.0,7.0,0.7450297619047619,0.8831150793650794,0.957470238095238,Flatbush Ave and Atlantic Ave
2/18/2021,0.39375,0.0,1.0,6.0,0.9479166666666666,0.9715277777777778,0.9907638888888888,Flatbush Ave and Atlantic Ave
4/15/2020,1.9130434782608696,1.0,3.0,7.0,0.853394355453852,0.9254113544731394,0.9692492099814756,6 Ave @ 34 St
5/13/2020,1.3417378620545948,0.0,2.0,9.0,0.9062608943000692,0.9498453712248252,0.9796014050546245,6 Ave @ 34 St
5/27/2020,2.064375,0.0,3.0,12.0,0.8251606842231842,0.9267499248436748,0.9674434373496872,6 Ave @ 34 St
6/18/2020,2.196875668735288,0.0,4.0,13.0,0.8359778046809933,0.9283254218734638,0.9702168780170064,6 Ave @ 34 St
6/24/2020,1.361574074074074,0.0,2.0,9.0,0.8823726851851852,0.940665968547913,0.980378821281599,6 Ave @ 34 St
7/16/2020,1.647222222222222,0.0,3.0,9.0,0.890284942680776,0.9387367724867725,0.9736078042328042,6 Ave @ 34 St
7/30/2020,1.9326388888888888,0.75,3.0,11.0,0.8822736291486292,0.9372517336059004,0.9713273108064776,6 Ave @ 34 St
8/13/2020,1.714682723483094,0.0,3.0,12.0,0.8822290428937024,0.9400931835392232,0.9740038845411704,6 Ave @ 34 St
8/27/2020,1.7474537037037037,0.0,3.0,16.0,0.8935729304132082,0.9474076020430188,0.9766097187277742,6 Ave @ 34 St
9/10/2020,2.411061285500747,0.0,4.0,16.0,0.8002250149783782,0.9132313750026756,0.9751646410390804,6 Ave @ 34 St
9/24/2020,2.9610416666666666,1.0,4.0,20.0,0.8446390974866207,0.9257240045869592,0.97135080811682,6 Ave @ 34 St
10/8/2020,0.8988002086593636,0.0,1.0,8.0,0.8939377002757285,0.9314976277417591,0.9771033609061778,6 Ave @ 34 St
10/22/2020,2.1609375,1.0,3.0,13.0,0.7439170782920783,0.8434459926647426,0.9613224333536834,6 Ave @ 34 St
11/5/2020,2.7204166666666665,0.0,3.0,20.0,0.8781142083285078,0.938609758640912,0.9781707108143834,6 Ave @ 34 St
11/19/2020,2.66,0.0,3.0,20.0,0.8661693376927511,0.9356435098663234,0.9769938257906524,6 Ave @ 34 St
12/3/2020,2.86125,0.0,4.0,20.0,0.8024430517524558,0.8947867537340254,0.9628286002389136,6 Ave @ 34 St
1/7/2021,1.18875,0.0,2.0,10.0,0.8984656084656084,0.948133597883598,0.9808303571428572,6 Ave @ 34 St
1/21/2021,1.835,0.0,3.0,11.0,0.8396665464165465,0.9194776334776334,0.9716218133718134,6 Ave @ 34 St
2/4/2021,0.5458333333333333,0.0,1.0,6.0,0.9398472222222224,0.9722361111111112,0.9864027777777776,6 Ave @ 34 St
2/18/2021,0.595,0.0,1.0,6.0,0.9390416666666668,0.9650416666666668,0.98475,6 Ave @ 34 St
4/2/2020,2.14375,1.0,3.0,9.0,0.8915955687830688,0.9555439814814816,0.9773429232804232,Boerum Pl @ Fulton St & Joralemon St
4/15/2020,2.0070093457943927,1.0,3.0,8.0,0.890448375611927,0.95318202047174,0.97630173564753,Boerum Pl @ Fulton St & Joralemon St
5/13/2020,1.225,0.0,2.0,9.0,0.8742741402116402,0.939958664021164,0.9812962962962964,Boerum Pl @ Fulton St & Joralemon St
5/27/2020,1.5333333333333334,0.0,2.0,11.0,0.8532410413660414,0.9305561568061568,0.9842745911495911,Boerum Pl @ Fulton St & Joralemon St
6/18/2020,1.880503144654088,1.0,3.0,10.0,0.8499217996073342,0.9276646367841336,0.980474859405677,Boerum Pl @ Fulton St & Joralemon St
6/24/2020,1.96875,1.0,3.0,9.0,0.8024024470899471,0.9023032407407408,0.9728720238095238,Boerum Pl @ Fulton St & Joralemon St
7/16/2020,2.4479166666666665,1.0,3.0,12.0,0.7754381613756614,0.885358645983646,0.9659592953342954,Boerum Pl @ Fulton St & Joralemon St
7/30/2020,2.4291666666666667,1.0,4.0,12.0,0.8110126563251563,0.9136533489658488,0.980755321067821,Boerum Pl @ Fulton St & Joralemon St
8/13/2020,2.160416666666667,1.0,3.0,9.0,0.8227645502645503,0.9179017857142856,0.9809176587301588,Boerum Pl @ Fulton St & Joralemon St
8/27/2020,2.1354166666666665,1.0,3.0,10.0,0.7760251322751323,0.8858382936507937,0.96953373015873,Boerum Pl @ Fulton St & Joralemon St
9/10/2020,1.9583333333333333,1.0,3.0,10.0,0.8123263888888889,0.909781746031746,0.9721164021164022,Boerum Pl @ Fulton St & Joralemon St
9/24/2020,3.43125,2.0,5.0,12.0,0.7447716750841751,0.8774748977873977,0.9743156265031264,Boerum Pl @ Fulton St & Joralemon St
10/8/2020,2.3368200836820083,1.0,3.0,9.0,0.8096981470412432,0.9213173274888756,0.9815750149432158,Boerum Pl @ Fulton St & Joralemon St
10/22/2020,3.9916666666666663,2.0,6.0,13.0,0.7371894887519888,0.8739434292559293,0.9754353054353054,Boerum Pl @ Fulton St & Joralemon St
11/5/2020,2.8354166666666667,1.0,4.0,12.0,0.7558668530543531,0.8883186026936027,0.9716169131794132,Boerum Pl @ Fulton St & Joralemon St
11/19/2020,1.975,0.0,3.0,10.0,0.7950777116402117,0.9131266534391534,0.9811838624338624,Boerum Pl @ Fulton St & Joralemon St
12/3/2020,1.6458333333333333,0.0,3.0,11.0,0.8271571368446369,0.9315205627705628,0.9812003968253968,Boerum Pl @ Fulton St & Joralemon St
1/7/2021,1.7645833333333334,0.0,3.0,9.0,0.8280687830687831,0.9212714947089948,0.9842592592592592,Boerum Pl @ Fulton St & Joralemon St
1/21/2021,2.566666666666667,1.0,4.0,11.0,0.7817500901875902,0.9051443001443,0.9775154822029822,Boerum Pl @ Fulton St & Joralemon St
2/4/2021,0.6833333333333333,0.0,1.0,7.0,0.9205059523809525,0.9603174603174603,0.9947916666666666,Boerum Pl @ Fulton St & Joralemon St
2/18/2021,1.0666666666666669,0.0,2.0,8.0,0.9150843253968254,0.9599603174603176,0.9909126984126984,Boerum Pl @ Fulton St & Joralemon St
4/2/2020,4.272916666666666,3.0,6.0,12.0,0.8387149771524771,0.9479554473304472,0.97950487012987,9 Ave @ 42 St
4/15/2020,1.9547872340425527,1.0,3.0,8.0,0.803596757852077,0.9105053191489362,0.97334726443769,9 Ave @ 42 St
5/13/2020,2.138655462184874,1.0,3.0,10.0,0.7373032546351874,0.8620198079231692,0.9509620514872617,9 Ave @ 42 St
5/27/2020,3.065979381443299,2.0,4.0,11.0,0.7249715118787283,0.8730359560256468,0.9493134585918092,9 Ave @ 42 St
6/18/2020,0.480083857442348,0.0,1.0,5.0,0.938993710691824,0.9706498951781972,0.9849056603773584,9 Ave @ 42 St
6/24/2020,0.4416666666666666,0.0,1.0,4.0,0.9444444444444444,0.9659722222222222,0.9878472222222222,9 Ave @ 42 St
7/16/2020,0.4583333333333333,0.0,1.0,4.0,0.9420138888888888,0.96875,0.9795138888888888,9 Ave @ 42 St
7/30/2020,0.7208333333333333,0.0,1.0,6.0,0.8816666666666667,0.9136111111111112,0.9582638888888888,9 Ave @ 42 St
8/13/2020,4.085416666666666,2.0,5.0,11.0,0.7030145202020202,0.8895113335738336,0.9738597282347282,9 Ave @ 42 St
8/27/2020,3.689583333333333,2.0,5.0,10.0,0.6946660052910054,0.8872800925925926,0.9823561507936508,9 Ave @ 42 St
9/10/2020,5.122916666666667,3.0,7.0,13.0,0.6745144438894439,0.875348655973656,0.957867155992156,9 Ave @ 42 St
9/24/2020,4.179166666666666,3.0,6.0,11.0,0.6171524771524772,0.8622976791726792,0.971698082010582,9 Ave @ 42 St
10/8/2020,1.4769874476987448,0.0,2.0,11.0,0.7736797140562831,0.886176166929305,0.9711254807489116,9 Ave @ 42 St
10/22/2020,1.0270833333333331,0.0,1.0,9.0,0.9517724867724868,0.9780869708994708,0.988325066137566,9 Ave @ 42 St
11/5/2020,1.1833333333333331,0.0,2.0,8.0,0.8557936507936508,0.9103224206349206,0.9753224206349206,9 Ave @ 42 St
11/19/2020,1.575,0.0,2.0,9.0,0.7580274470899471,0.8753257275132276,0.9548330026455026,9 Ave @ 42 St
12/3/2020,0.9,0.0,1.0,5.0,0.858125,0.9197916666666668,0.9640277777777778,9 Ave @ 42 St
1/7/2021,1.4520833333333334,0.0,2.0,6.0,0.7813194444444445,0.8977083333333333,0.9675694444444444,9 Ave @ 42 St
1/21/2021,1.3166666666666669,0.0,2.0,7.0,0.8853472222222223,0.953938492063492,0.9847619047619048,9 Ave @ 42 St
2/4/2021,0.1833333333333333,0.0,0.0,3.0,0.9902777777777778,0.9923611111111112,0.9986111111111112,9 Ave @ 42 St
2/18/2021,0.7083333333333334,0.0,1.0,6.0,0.9715972222222222,0.9911805555555556,0.9934027777777776,9 Ave @ 42 St
5/13/2020,1.2458333333333331,0.0,2.0,7.0,0.861140873015873,0.9309821428571428,0.9678174603174604,5 Ave @ 96 St
5/27/2020,1.7854166666666669,1.0,3.0,7.0,0.8456349206349206,0.9362896825396824,0.9781646825396826,5 Ave @ 96 St
6/18/2020,1.6352201257861636,0.0,3.0,9.0,0.8118099231306779,0.9009783368273934,0.9577568134171908,5 Ave @ 96 St
6/24/2020,2.2716763005780347,1.0,3.0,8.0,0.7482865400495458,0.965083952656207,0.9915634461877236,5 Ave @ 96 St
7/16/2020,0.3145833333333333,0.0,0.0,3.0,0.9666666666666668,0.9763888888888888,0.9881944444444444,5 Ave @ 96 St
7/30/2020,0.60625,0.0,1.0,5.0,0.9217361111111112,0.9521527777777776,0.9690972222222224,5 Ave @ 96 St
8/13/2020,0.7375,0.0,1.0,5.0,0.8988194444444444,0.9389583333333332,0.9723611111111112,5 Ave @ 96 St
8/27/2020,0.5729166666666666,0.0,1.0,5.0,0.9422222222222222,0.9660416666666668,0.9838194444444444,5 Ave @ 96 St
9/24/2020,1.565934065934066,0.0,2.0,7.0,0.869924123495552,0.9313840920983778,0.9745552066980638,5 Ave @ 96 St
10/8/2020,0.6270833333333333,0.0,1.0,6.0,0.9179166666666668,0.9480555555555557,0.9753472222222224,5 Ave @ 96 St
10/22/2020,3.152083333333333,2.0,4.0,11.0,0.7108279220779221,0.9016666666666666,0.976838924963925,5 Ave @ 96 St
11/5/2020,0.925,0.0,1.0,8.0,0.9037996031746032,0.9502777777777778,0.9792013888888887,5 Ave @ 96 St
11/19/2020,0.6083333333333333,0.0,1.0,5.0,0.9326388888888888,0.965625,0.9873611111111112,5 Ave @ 96 St
12/3/2020,0.61875,0.0,1.0,7.0,0.9443849206349206,0.966359126984127,0.9858333333333332,5 Ave @ 96 St
1/7/2021,0.2354166666666666,0.0,0.0,7.0,0.974920634920635,0.9847420634920636,0.9968551587301588,5 Ave @ 96 St
1/21/2021,0.5416666666666666,0.0,1.0,5.0,0.9261805555555556,0.9495833333333332,0.978125,5 Ave @ 96 St
2/4/2021,0.4583333333333333,0.0,1.0,4.0,0.95625,0.98125,0.9888888888888888,5 Ave @ 96 St
2/18/2021,0.8604166666666667,0.0,1.0,6.0,0.9135416666666668,0.9444444444444444,0.9680555555555556,5 Ave @ 96 St
4/2/2020,2.75625,1.0,4.0,11.0,0.8423239838864839,0.9438628848003848,0.9789290223665224,2 Ave @ E 14 St
4/15/2020,1.648793565683646,0.0,2.0,6.0,0.8310991957104558,0.8978552278820375,0.944235924932976,2 Ave @ E 14 St
5/13/2020,2.098326359832636,1.0,3.0,8.0,0.7848874277744571,0.8821627814305638,0.9328551504283722,2 Ave @ E 14 St
5/27/2020,3.1506276150627617,2.0,4.0,12.0,0.7645783899968001,0.8852753476184438,0.9459588412517282,2 Ave @ E 14 St
6/18/2020,4.436058700209643,3.0,6.0,13.0,0.7815531661443611,0.9240489885143972,0.9676123317632752,2 Ave @ E 14 St
6/24/2020,3.035416666666667,2.0,4.0,10.0,0.7983829365079366,0.917620701058201,0.9660598544973544,2 Ave @ E 14 St
7/16/2020,3.583333333333333,2.0,5.0,11.0,0.776124037999038,0.9069133297258296,0.9601289682539682,2 Ave @ E 14 St
7/30/2020,4.204166666666667,2.0,6.0,14.0,0.7832983682983683,0.9200879444629444,0.9692483904983904,2 Ave @ E 14 St
8/13/2020,4.689583333333333,3.0,6.0,13.0,0.7601517695267695,0.912722798035298,0.9786823014948016,2 Ave @ E 14 St
8/27/2020,3.93125,3.0,5.0,14.0,0.7778650747400747,0.9262687081437082,0.9760915242165242,2 Ave @ E 14 St
9/10/2020,4.6625,3.0,6.0,12.0,0.7417552008177009,0.9134815416065416,0.9759935666185666,2 Ave @ E 14 St
9/24/2020,3.64375,2.0,5.0,14.0,0.7876412823287824,0.9121312715062716,0.9738043322418324,2 Ave @ E 14 St
10/8/2020,2.04375,1.0,3.0,8.0,0.8087748015873015,0.9021428571428572,0.9721974206349208,2 Ave @ E 14 St
10/22/2020,4.304166666666666,3.0,6.0,14.0,0.7939526792651792,0.9037383334258334,0.9696431115181116,2 Ave @ E 14 St
11/5/2020,1.9854166666666664,0.0,3.0,11.0,0.853018278018278,0.944337421837422,0.98432208994709,2 Ave @ E 14 St
11/19/2020,2.31875,0.0,3.0,16.0,0.8248078715266215,0.94976641992267,0.983214858058608,2 Ave @ E 14 St
12/3/2020,1.5229166666666667,0.0,2.0,10.0,0.8635747354497355,0.9271378968253968,0.9593419312169312,2 Ave @ E 14 St
1/7/2021,0.8125,0.0,1.0,9.0,0.9501587301587302,0.9868568121693122,0.9941782407407408,2 Ave @ E 14 St
1/21/2021,1.7270833333333333,0.0,3.0,7.0,0.8382738095238095,0.9485714285714286,0.9827976190476192,2 Ave @ E 14 St
2/4/2021,1.3958333333333333,0.0,2.0,7.0,0.8702876984126984,0.9514880952380952,0.9893849206349208,2 Ave @ E 14 St
2/18/2021,1.8208333333333333,1.0,3.0,8.0,0.8109474206349206,0.9094345238095238,0.9630555555555556,2 Ave @ E 14 St
1/7/2021,0.9270833333333334,0.0,2.0,6.0,0.7883333333333333,0.8818055555555555,0.9649305555555556,Main St @ Roosevelt Ave
1/21/2021,1.3229166666666667,0.0,2.0,7.0,0.7313392857142857,0.8577083333333333,0.959623015873016,Main St @ Roosevelt Ave
2/4/2021,0.5208333333333334,0.0,1.0,5.0,0.9224305555555556,0.9530555555555555,0.9924305555555556,Main St @ Roosevelt Ave
2/18/2021,4.941666666666666,0.0,9.0,20.0,0.8496034637196596,0.9317018414019188,0.9799322474409548,Main St @ Roosevelt Ave
5/13/2020,2.18125,1.0,3.0,8.0,0.7348511904761905,0.8932787698412699,0.9734821428571429,Main St @ Sanford Ave
5/27/2020,3.5479166666666666,2.0,5.0,11.0,0.5212635281385282,0.8041839526214526,0.9462650312650313,Main St @ Sanford Ave
6/18/2020,4.911949685534591,4.0,6.0,13.0,0.4387858472764133,0.7975207531811306,0.9607371896680073,Main St @ Sanford Ave
6/24/2020,2.816666666666667,1.0,4.0,11.0,0.6407514129389129,0.8299488936988937,0.9608963143338144,Main St @ Sanford Ave
7/16/2020,2.2375,1.0,3.0,8.0,0.6593105158730159,0.8430059523809523,0.9706150793650794,Main St @ Sanford Ave
7/30/2020,3.395833333333333,2.0,4.0,10.0,0.6056564153439153,0.8449454365079365,0.9576008597883596,Main St @ Sanford Ave
8/13/2020,5.072916666666667,4.0,6.0,12.0,0.4548743386243387,0.8261879208754208,0.9642063492063492,Main St @ Sanford Ave
8/27/2020,3.0791666666666666,2.0,4.0,9.0,0.6034970238095239,0.8369014550264551,0.9712433862433862,Main St @ Sanford Ave
9/10/2020,3.520833333333333,2.0,5.0,10.0,0.5634606481481481,0.7719229497354497,0.9554050925925924,Main St @ Sanford Ave
9/24/2020,4.220833333333333,3.0,6.0,11.0,0.542451449013949,0.7823651695526695,0.9558267195767196,Main St @ Sanford Ave
10/8/2020,3.819327731092437,2.0,5.0,13.0,0.5302708262792296,0.7918213439221843,0.9429430746657638,Main St @ Sanford Ave
10/22/2020,3.60625,2.0,5.0,10.0,0.4550231481481481,0.7359060846560846,0.9554199735449737,Main St @ Sanford Ave
11/5/2020,1.9083333333333332,1.0,3.0,8.0,0.6493898809523809,0.8210962301587301,0.9590972222222224,Main St @ Sanford Ave
11/19/2020,1.44375,0.0,2.0,6.0,0.7397222222222222,0.8607638888888889,0.9577777777777776,Main St @ Sanford Ave
12/3/2020,1.4791666666666667,0.0,2.0,7.0,0.7161210317460318,0.8654861111111112,0.9579960317460318,Main St @ Sanford Ave
1/7/2021,3.90625,2.0,5.0,11.0,0.6727882996632997,0.8620023148148148,0.9677549302549302,Main St @ Sanford Ave
1/21/2021,5.354166666666667,4.0,7.0,20.0,0.5837697743289849,0.8248307729064308,0.9599469438943125,Main St @ Sanford Ave
2/4/2021,1.8458333333333332,0.0,3.0,11.0,0.8813630351130352,0.9433175505050504,0.9814735149110148,Main St @ Sanford Ave
2/18/2021,3.1645833333333333,0.0,6.0,13.0,0.8230566886816887,0.9229309694934696,0.9826755073630074,Main St @ Sanford Ave
